name,hp,attack,defense,sp_attack,sp_defense,speed,base_egg_steps,base_happiness,capture_rate,experience_growth,percentage_male,weight_kg,height_m,type1,generation,is_legendary
Manaphy,100,100,100,100,100,100,fast,1,3,slow,below50,1.4,0.3,water,4,1
Shedinja,1,90,45,30,30,40,fast,1,45,fast,below50,1.2,0.8,bug,3,0
Shedinja,1,90,45,30,30,40,fast,1,45,fast,below50,1.2,0.8,ghost,3,0
Wormadam,60,69,95,69,95,36,fast,1,45,medium fast,below50,6.5,0.5,bug,4,0
Wormadam,60,69,95,69,95,36,fast,1,45,medium fast,below50,6.5,0.5,grass,4,0
Vespiquen,70,80,102,80,102,40,fast,1,45,medium slow,below50,38.5,1.2,bug,4,0
Vespiquen,70,80,102,80,102,40,fast,1,45,medium slow,below50,38.5,1.2,flying,4,0
Tapu Koko,70,115,85,95,75,130,fast,1,3,slow,below50,20.5,1.8,electric,7,1
Tapu Bulu,70,130,115,85,95,75,fast,1,3,slow,below50,45.5,1.9,fairy,7,1
Tapu Fini,70,75,115,95,130,85,fast,1,3,slow,below50,21.2,1.3,fairy,7,1
Tapu Koko,70,115,85,95,75,130,fast,1,3,slow,below50,20.5,1.8,fairy,7,1
Tapu Lele,70,85,75,130,115,95,fast,1,3,slow,below50,18.6,1.2,fairy,7,1
Tapu Bulu,70,130,115,85,95,75,fast,1,3,slow,below50,45.5,1.9,grass,7,1
Tapu Lele,70,85,75,130,115,95,fast,1,3,slow,below50,18.6,1.2,psychic,7,1
Tapu Fini,70,75,115,95,130,85,fast,1,3,slow,below50,21.2,1.3,water,7,1
Illumise,65,47,75,73,85,85,fast,1,150,slow,below50,17.7,0.6,bug,3,0
Mandibuzz,110,65,105,55,95,80,medium fast,0,60,slow,below50,39.5,1.2,dark,5,0
Mandibuzz,110,65,105,55,95,80,medium fast,0,60,slow,below50,39.5,1.2,flying,5,0
Vullaby,70,55,75,45,65,60,medium fast,0,190,slow,below50,9,0.5,dark,5,0
Vullaby,70,55,75,45,65,60,medium fast,0,190,slow,below50,9,0.5,flying,5,0
Magnezone,70,70,115,130,90,60,medium fast,1,30,medium fast,below50,180,1.2,electric,4,0
Porygon-Z,85,80,70,135,75,90,medium fast,1,30,medium fast,below50,34,0.9,normal,4,0
Magnezone,70,70,115,130,90,60,medium fast,1,30,medium fast,below50,180,1.2,steel,4,0
Ditto,48,48,48,48,48,48,medium fast,1,35,medium fast,below50,4,0.3,normal,1,0
Rotom,50,65,107,105,107,86,medium fast,1,45,medium fast,below50,0.3,0.3,electric,4,0
Florges,78,65,68,112,154,75,medium fast,1,45,medium fast,below50,10,1.1,fairy,6,0
Kangaskhan,105,125,100,60,100,100,medium fast,1,45,medium fast,below50,80,2.2,normal,1,0
Porygon,65,60,70,85,75,40,medium fast,1,45,medium fast,below50,36.5,0.8,normal,1,0
Porygon2,85,80,90,105,95,60,medium fast,1,45,medium fast,below50,32.5,0.6,normal,2,0
Salazzle,68,64,60,111,60,117,medium fast,1,45,medium fast,below50,22.2,1.2,poison,7,0
Salazzle,68,64,60,111,60,117,medium fast,1,45,medium fast,below50,22.2,1.2,fire,7,0
Rotom,50,65,107,105,107,86,medium fast,1,45,medium fast,below50,0.3,0.3,ghost,4,0
Magneton,50,60,95,120,70,70,medium fast,1,60,medium fast,below50,60,1,electric,1,0
Electrode,60,50,70,80,80,150,medium fast,1,60,medium fast,below50,66.6,1.2,electric,1,0
Magneton,50,60,95,120,70,70,medium fast,1,60,medium fast,below50,60,1,steel,1,0
Lilligant,70,60,75,110,75,90,medium fast,1,75,medium fast,below50,16.3,1.1,grass,5,0
Froslass,70,80,70,80,70,110,medium fast,1,75,medium fast,below50,26.6,1.3,ice,4,0
Froslass,70,80,70,80,70,110,medium fast,1,75,medium fast,below50,26.6,1.3,ghost,4,0
Claydol,60,70,105,70,120,75,medium fast,1,90,medium fast,below50,108,1.5,ground,3,0
Bronzong,67,89,116,79,116,33,medium fast,1,90,medium fast,below50,187,1.3,steel,4,0
Bronzong,67,89,116,79,116,33,medium fast,1,90,medium fast,below50,187,1.3,psychic,4,0
Claydol,60,70,105,70,120,75,medium fast,1,90,medium fast,below50,108,1.5,psychic,3,0
Floette,74,65,67,125,128,92,medium fast,1,120,medium fast,below50,0.9,0.2,fairy,6,0
Magnemite,25,35,70,95,55,45,medium fast,1,190,medium fast,below50,6,0.3,electric,1,0
Voltorb,40,30,50,55,55,100,medium fast,1,190,medium fast,below50,10.4,0.5,electric,1,0
Petilil,45,35,50,70,50,30,medium fast,1,190,medium fast,below50,6.6,0.5,grass,5,0
Magnemite,25,35,70,95,55,45,medium fast,1,190,medium fast,below50,6,0.3,steel,1,0
Flabébé,44,38,39,61,79,42,medium fast,1,225,medium fast,below50,0.1,0.1,fairy,6,0
Baltoy,40,40,55,40,70,55,medium fast,1,255,medium fast,below50,21.5,0.5,ground,3,0
Bronzor,57,24,86,24,86,23,medium fast,1,255,medium fast,below50,60.5,0.5,steel,4,0
Baltoy,40,40,55,40,70,55,medium fast,1,255,medium fast,below50,21.5,0.5,psychic,3,0
Bronzor,57,24,86,24,86,23,medium fast,1,255,medium fast,below50,60.5,0.5,psychic,4,0
Klinklang,60,100,115,70,85,90,medium fast,1,30,medium slow,below50,81,0.6,steel,5,0
Tsareena,72,120,98,50,98,72,medium fast,1,45,medium slow,below50,21.4,1.2,grass,7,0
Nidoqueen,90,92,87,75,85,76,medium fast,1,45,medium slow,below50,60,1.3,poison,1,0
Nidoqueen,90,92,87,75,85,76,medium fast,1,45,medium slow,below50,60,1.3,ground,1,0
Klang,60,80,95,70,85,50,medium fast,1,60,medium slow,below50,51,0.6,steel,5,0
Steenee,52,40,48,40,48,62,medium fast,1,120,medium slow,below50,8.2,0.7,grass,7,0
Nidorina,70,62,67,55,55,56,medium fast,1,120,medium slow,below50,20,0.8,poison,1,0
Klink,40,55,70,45,60,30,medium fast,1,130,medium slow,below50,21,0.3,steel,5,0
Bounsweet,42,30,38,30,38,32,medium fast,1,235,medium slow,below50,3.2,0.3,grass,7,0
Nidoran♀,55,47,52,40,40,41,medium fast,1,235,medium slow,below50,7,0.4,poison,1,0
Miltank,95,80,105,40,70,100,medium fast,1,45,slow,below50,75.5,1.2,normal,2,0
Starmie,60,75,85,100,85,115,medium fast,1,60,slow,below50,80,1.1,water,1,0
Starmie,60,75,85,100,85,115,medium fast,1,60,slow,below50,80,1.1,psychic,1,0
Staryu,30,45,55,70,55,85,medium fast,1,225,slow,below50,34.5,0.8,water,1,0
Lunatone,90,55,65,95,85,70,medium slow,1,45,fast,below50,168,1,rock,3,0
Solrock,90,95,85,55,65,70,medium slow,1,45,fast,below50,154,1.2,rock,3,0
Lunatone,90,55,65,95,85,70,medium slow,1,45,fast,below50,168,1,psychic,3,0
Solrock,90,95,85,55,65,70,medium slow,1,45,fast,below50,154,1.2,psychic,3,0
Dhelmise,70,131,100,86,90,40,medium slow,1,25,medium fast,below50,210,3.9,ghost,7,0
Cryogonal,80,50,50,95,135,105,medium slow,1,25,medium fast,below50,148,1.1,ice,5,0
Dhelmise,70,131,100,86,90,40,medium slow,1,25,medium fast,below50,210,3.9,grass,7,0
Jynx,65,50,35,115,95,95,medium slow,1,45,medium fast,below50,40.6,1.4,ice,1,0
Smoochum,45,30,15,85,65,65,medium slow,1,45,medium fast,below50,6,0.4,ice,2,0
Jynx,65,50,35,115,95,95,medium slow,1,45,medium fast,below50,40.6,1.4,psychic,1,0
Smoochum,45,30,15,85,65,65,medium slow,1,45,medium fast,below50,6,0.4,psychic,2,0
Golurk,89,124,80,55,80,55,medium slow,1,90,medium fast,below50,330,2.8,ground,5,0
Golurk,89,124,80,55,80,55,medium slow,1,90,medium fast,below50,330,2.8,ghost,5,0
Golett,59,74,50,35,50,35,medium slow,1,190,medium fast,below50,92,1,ground,5,0
Golett,59,74,50,35,50,35,medium slow,1,190,medium fast,below50,92,1,ghost,5,0
Minior,60,60,100,60,100,60,medium slow,1,30,medium slow,below50,40,0.3,rock,7,0
Minior,60,60,100,60,100,60,medium slow,1,30,medium slow,below50,40,0.3,flying,7,0
Minior(core),60,100,60,100,60,120,medium slow,1,255,medium slow,below50,40,0.3,rock,7,0
Minior(core),60,100,60,100,60,120,medium slow,1,255,medium slow,below50,40,0.3,flying,7,0
Diancie,50,160,110,160,110,110,medium slow,1,3,slow,below50,8.8,0.7,fairy,6,1
Diancie,50,160,110,160,110,110,medium slow,1,3,slow,below50,8.8,0.7,rock,6,1
Carbink,50,50,150,50,150,50,medium slow,1,60,slow,below50,5.7,0.3,fairy,6,0
Carbink,50,50,150,50,150,50,medium slow,1,60,slow,below50,5.7,0.3,rock,6,0
Beldum,40,55,80,35,60,30,slow,0,3,slow,below50,95.2,0.6,steel,3,0
Metagross,80,145,150,105,110,110,slow,0,3,slow,below50,550,1.6,steel,3,0
Metang,60,75,100,55,80,50,slow,0,3,slow,below50,202.5,1.2,steel,3,0
Beldum,40,55,80,35,60,30,slow,0,3,slow,below50,95.2,0.6,psychic,3,0
Metagross,80,145,150,105,110,110,slow,0,3,slow,below50,550,1.6,psychic,3,0
Metang,60,75,100,55,80,50,slow,0,3,slow,below50,202.5,1.2,psychic,3,0
Unown,48,72,48,72,48,48,slow,1,225,medium fast,below50,5,0.5,psychic,2,0
Phione,80,80,80,80,80,80,slow,1,30,slow,below50,3.1,0.4,water,4,0
Blissey,255,10,10,75,135,55,slow,0,30,fast,below50,46.8,1.5,normal,2,0
Chansey,250,5,5,35,105,50,slow,0,30,fast,below50,34.6,1.1,normal,1,0
Happiny,100,5,5,15,65,30,slow,0,130,fast,below50,24.4,0.6,normal,4,0
Zapdos,90,90,85,125,90,100,slow,0,3,slow,below50,52.6,1.6,electric,1,1
Raikou,90,85,75,115,100,115,slow,0,3,slow,below50,178,1.9,electric,2,1
Moltres,90,100,90,125,85,90,slow,0,3,slow,below50,60,2,fire,1,1
Entei,115,115,85,90,75,100,slow,0,3,slow,below50,198,2.1,fire,2,1
Virizion,91,90,72,90,129,108,slow,0,3,slow,below50,200,2,grass,5,1
Articuno,90,85,100,95,125,85,slow,0,3,slow,below50,55.4,1.7,ice,1,1
Regice,80,50,100,100,200,50,slow,0,3,slow,below50,175,1.8,ice,3,1
Terrakion,91,129,90,72,90,108,slow,0,3,slow,below50,260,1.9,rock,5,1
Regirock,80,100,200,50,100,50,slow,0,3,slow,below50,230,1.7,rock,3,1
Cobalion,91,90,129,90,72,108,slow,0,3,slow,below50,250,2.1,steel,5,1
Registeel,80,75,150,75,150,50,slow,0,3,slow,below50,205,1.9,steel,3,1
Keldeo,91,72,90,129,90,108,slow,0,3,slow,below50,48.5,1.4,water,5,1
Suicune,100,75,115,90,115,85,slow,0,3,slow,below50,187,2,water,2,1
Cobalion,91,90,129,90,72,108,slow,0,3,slow,below50,250,2.1,fighting,5,1
Keldeo,91,72,90,129,90,108,slow,0,3,slow,below50,48.5,1.4,fighting,5,1
Terrakion,91,129,90,72,90,108,slow,0,3,slow,below50,260,1.9,fighting,5,1
Virizion,91,90,72,90,129,108,slow,0,3,slow,below50,200,2,fighting,5,1
Articuno,90,85,100,95,125,85,slow,0,3,slow,below50,55.4,1.7,flying,1,1
Moltres,90,100,90,125,85,90,slow,0,3,slow,below50,60,2,flying,1,1
Zapdos,90,90,85,125,90,100,slow,0,3,slow,below50,52.6,1.6,flying,1,1
Azelf,75,125,70,125,70,115,slow,0,3,slow,below50,0.3,0.3,psychic,4,1
Mesprit,80,105,105,105,105,80,slow,0,3,slow,below50,0.3,0.3,psychic,4,1
Uxie,75,75,130,75,130,95,slow,0,3,slow,below50,0.3,0.3,psychic,4,1
Genesect,71,120,95,120,95,99,slow,0,3,slow,below50,82.5,1.5,bug,5,1
Darkrai,70,90,90,135,90,125,slow,0,3,slow,below50,50.5,1.5,dark,4,1
Dialga,100,120,120,150,100,90,slow,0,3,slow,below50,683,5.4,dragon,4,1
Giratina,150,120,100,120,100,90,slow,0,3,slow,below50,750,4.5,dragon,4,1
Palkia,90,120,100,150,120,100,slow,0,3,slow,below50,336,4.2,dragon,4,1
Zekrom,100,150,120,120,100,90,slow,0,3,slow,below50,345,2.9,dragon,5,1
Reshiram,100,120,100,150,120,90,slow,0,3,slow,below50,330,3.2,dragon,5,1
Zygarde,216,100,121,91,95,85,slow,0,3,slow,below50,284.6,5,dragon,6,1
Kyurem,125,120,90,170,100,95,slow,0,3,slow,below50,325,3,dragon,5,1
Zekrom,100,150,120,120,100,90,slow,0,3,slow,below50,345,2.9,electric,5,1
Magearna,80,95,115,130,115,65,slow,0,3,slow,below50,80.5,1,fairy,7,1
Ho-Oh,106,130,90,110,154,90,slow,0,3,slow,below50,199,3.8,fire,2,1
Giratina,150,120,100,120,100,90,slow,0,3,slow,below50,750,4.5,ghost,4,1
Groudon,100,180,160,150,90,90,slow,0,3,slow,below50,950,3.5,ground,3,1
Arceus,120,120,120,120,120,120,slow,0,3,slow,below50,320,3.2,normal,4,1
Regigigas,110,160,110,80,110,100,slow,0,3,slow,below50,420,3.7,normal,4,1
Silvally,95,95,95,95,95,95,slow,0,3,slow,below50,100.5,2.3,normal,7,0
Type: Null,95,95,95,95,95,59,slow,0,3,slow,below50,120.5,1.9,normal,7,0
Lugia,106,90,130,90,154,110,slow,0,3,slow,below50,216,5.2,psychic,2,1
Deoxys,50,95,90,95,90,180,slow,0,3,slow,below50,60.8,1.7,psychic,3,1
Mewtwo,106,150,70,194,120,140,slow,0,3,slow,below50,122,2,psychic,1,1
Necrozma,97,107,101,127,89,79,slow,0,3,slow,below50,230,2.4,psychic,7,1
Dialga,100,120,120,150,100,90,slow,0,3,slow,below50,683,5.4,steel,4,1
Magearna,80,95,115,130,115,65,slow,0,3,slow,below50,80.5,1,steel,7,1
Palkia,90,120,100,150,120,100,slow,0,3,slow,below50,336,4.2,water,4,1
Kyogre,100,150,90,180,160,90,slow,0,3,slow,below50,352,4.5,water,3,1
Reshiram,100,120,100,150,120,90,slow,0,3,slow,below50,330,3.2,fire,5,1
Ho-Oh,106,130,90,110,154,90,slow,0,3,slow,below50,199,3.8,flying,2,1
Lugia,106,90,130,90,154,110,slow,0,3,slow,below50,216,5.2,flying,2,1
Zygarde,216,100,121,91,95,85,slow,0,3,slow,below50,284.6,5,ground,6,1
Kyurem,125,120,90,170,100,95,slow,0,3,slow,below50,325,3,ice,5,1
Genesect,71,120,95,120,95,99,slow,0,3,slow,below50,82.5,1.5,steel,5,1
Guzzlord,223,101,53,97,53,43,slow,0,15,slow,below50,888,5.5,dark,7,1
Guzzlord,223,101,53,97,53,43,slow,0,15,slow,below50,888,5.5,dragon,7,1
Buzzwole,107,139,139,53,53,79,slow,0,25,slow,below50,333.6,2.4,bug,7,1
Celesteela,97,101,103,107,101,61,slow,0,25,slow,below50,999.9,9.2,steel,7,1
Buzzwole,107,139,139,53,53,79,slow,0,25,slow,below50,333.6,2.4,fighting,7,1
Celesteela,97,101,103,107,101,61,slow,0,25,slow,below50,999.9,9.2,flying,7,1
Xurkitree,83,89,71,173,71,83,slow,0,30,slow,below50,100,3.8,electric,7,1
Yveltal,126,131,95,131,98,99,slow,0,45,slow,below50,203,5.8,dark,6,1
Rayquaza,105,180,100,180,100,115,slow,0,45,slow,below50,206.5,7,dragon,3,1
Xerneas,126,131,95,131,98,99,slow,0,45,slow,below50,215,3,fairy,6,1
Lunala,137,113,89,137,107,97,slow,0,45,slow,below50,120,4,psychic,7,1
Solgaleo,137,137,107,113,89,97,slow,0,45,slow,below50,230,3.4,psychic,7,1
Cosmoem,43,29,131,29,131,37,slow,0,45,slow,below50,999.9,0.1,psychic,7,1
Cosmog,43,29,31,29,31,37,slow,0,45,slow,below50,0.1,0.2,psychic,7,1
Nihilego,109,53,47,127,131,103,slow,0,45,slow,below50,55.5,1.2,rock,7,1
Rayquaza,105,180,100,180,100,115,slow,0,45,slow,below50,206.5,7,flying,3,1
Yveltal,126,131,95,131,98,99,slow,0,45,slow,below50,203,5.8,flying,6,1
Lunala,137,113,89,137,107,97,slow,0,45,slow,below50,120,4,ghost,7,1
Nihilego,109,53,47,127,131,103,slow,0,45,slow,below50,55.5,1.2,poison,7,1
Solgaleo,137,137,107,113,89,97,slow,0,45,slow,below50,230,3.4,steel,7,1
Pheromosa,71,137,37,137,37,151,slow,0,255,slow,below50,25,1.8,bug,7,1
Kartana,59,181,131,59,31,109,slow,0,255,slow,below50,0.1,0.3,grass,7,1
Pheromosa,71,137,37,137,37,151,slow,0,255,slow,below50,25,1.8,fighting,7,1
Kartana,59,181,131,59,31,109,slow,0,255,slow,below50,0.1,0.3,steel,7,1
Latias,80,100,120,140,150,110,slow,0,3,slow,below50,40,1.4,dragon,3,1
Latias,80,100,120,140,150,110,slow,0,3,slow,below50,40,1.4,psychic,3,1
Shaymin,100,103,75,120,75,127,slow,0,45,medium slow,below50,2.1,0.2,grass,4,1
Celebi,100,100,100,100,100,100,slow,0,45,medium slow,below50,5,0.6,psychic,2,1
Mew,100,100,100,100,100,100,slow,0,45,medium slow,below50,4,0.4,psychic,1,1
Celebi,100,100,100,100,100,100,slow,0,45,medium slow,below50,5,0.6,grass,2,1
Shaymin,100,103,75,120,75,127,slow,0,45,medium slow,below50,2.1,0.2,grass,4,1
Volcanion,80,110,120,130,90,70,slow,0,3,slow,below50,195,1.7,fire,6,1
Meloetta,100,128,90,77,77,128,slow,0,3,slow,below50,6.5,0.6,normal,5,1
Victini,100,100,100,100,100,100,slow,0,3,slow,below50,4,0.4,psychic,5,1
Hoopa,80,160,60,170,130,80,slow,0,3,slow,below50,9,0.5,psychic,6,1
Cresselia,120,70,120,75,130,85,slow,0,3,slow,below50,85.6,1.5,psychic,4,1
Jirachi,100,100,100,100,100,100,slow,0,3,slow,below50,1.1,0.3,steel,3,1
Victini,100,100,100,100,100,100,slow,0,3,slow,below50,4,0.4,fire,5,1
Hoopa,80,160,60,170,130,80,slow,0,3,slow,below50,9,0.5,ghost,6,1
Jirachi,100,100,100,100,100,100,slow,0,3,slow,below50,1.1,0.3,psychic,3,1
Meloetta,100,128,90,77,77,128,slow,0,3,slow,below50,6.5,0.6,psychic,5,1
Volcanion,80,110,120,130,90,70,slow,0,3,slow,below50,195,1.7,water,6,1
Pyroar,86,68,72,109,66,106,medium fast,1,65,medium slow,below50,81.5,1.5,fire,6,0
Pyroar,86,68,72,109,66,106,medium fast,1,65,medium slow,below50,81.5,1.5,normal,6,0
Litleo,62,50,58,73,54,72,medium fast,1,220,medium slow,below50,13.5,0.6,fire,6,0
Litleo,62,50,58,73,54,72,medium fast,1,220,medium slow,below50,13.5,0.6,normal,6,0
Wigglytuff,140,70,45,85,50,45,fast,1,50,fast,below50,12,1,fairy,1,0
Wigglytuff,140,70,45,85,50,45,fast,1,50,fast,below50,12,1,normal,1,0
Azurill,50,20,40,20,40,20,fast,1,150,fast,below50,2,0.2,fairy,3,0
Azurill,50,20,40,20,40,20,fast,1,150,fast,below50,2,0.2,normal,3,0
Igglybuff,90,30,15,40,20,15,fast,1,170,fast,below50,1,0.3,fairy,2,0
Jigglypuff,115,45,20,45,25,20,fast,1,170,fast,below50,5.5,0.5,fairy,1,0
Igglybuff,90,30,15,40,20,15,fast,1,170,fast,below50,1,0.3,normal,2,0
Jigglypuff,115,45,20,45,25,20,fast,1,170,fast,below50,5.5,0.5,normal,1,0
Clefable,95,70,73,95,90,60,fast,0,25,fast,below50,40,1.3,fairy,1,0
Clefairy,70,45,48,60,65,35,fast,0,150,fast,below50,7.5,0.6,fairy,1,0
Cleffa,50,25,28,45,55,15,fast,0,150,fast,below50,3,0.3,fairy,2,0
Cinccino,75,95,60,65,60,115,fast,1,60,fast,below50,7.5,0.5,normal,5,0
Delcatty,70,65,65,55,55,90,fast,1,60,fast,below50,32.6,1.1,normal,3,0
Minccino,55,50,40,40,40,75,fast,1,255,fast,below50,5.8,0.4,normal,5,0
Skitty,50,45,45,35,35,50,fast,1,255,fast,below50,11,0.6,normal,3,0
Comfey,51,52,90,82,110,100,medium fast,1,60,fast,below50,0.3,0.1,fairy,7,0
Corsola,65,55,95,65,95,35,medium fast,1,60,fast,below50,5,0.6,water,2,0
Corsola,65,55,95,65,95,35,medium fast,1,60,fast,below50,5,0.6,rock,2,0
Granbull,90,120,75,60,60,45,medium fast,1,75,fast,below50,48.7,1.4,fairy,2,0
Purugly,71,82,64,64,59,112,medium fast,1,75,fast,below50,43.8,1,normal,4,0
Snubbull,60,80,50,40,40,30,medium fast,1,190,fast,below50,7.8,0.6,fairy,2,0
Glameow,49,55,42,42,37,85,medium fast,1,190,fast,below50,3.9,0.5,normal,4,0
Luvdisc,43,30,55,40,65,97,medium fast,1,225,fast,below50,8.7,0.6,water,3,0
Oricorio,75,70,70,98,70,93,medium fast,1,45,medium fast,below50,3.4,0.6,fire,7,0
Oricorio,75,70,70,98,70,93,medium fast,1,45,medium fast,below50,3.4,0.6,flying,7,0
Ninetales,73,67,75,81,100,109,medium fast,1,75,medium fast,below50,19.1,1.1,fire,1,0
Vulpix,38,41,40,50,65,65,medium fast,1,190,medium fast,below50,9.9,0.6,fire,1,0
Vulpix,38,41,40,50,65,65,medium fast,1,190,medium fast,below50,9.9,0.6,ice,7,0
Ninetales,73,67,75,81,100,109,medium fast,1,75,medium fast,below50,19.9,1.1,ice,7,0
Gothitelle,70,55,95,95,110,65,medium fast,1,50,medium slow,below50,44,1.5,psychic,5,0
Gothorita,60,45,70,75,85,55,medium fast,1,100,medium slow,below50,18,0.7,psychic,5,0
Gothita,45,30,50,55,65,45,medium fast,1,200,medium slow,below50,5.8,0.4,psychic,5,0
Gyarados,95,155,109,70,130,81,fast,1,45,slow,at50,235,6.5,water,1,0
Gyarados,95,155,109,70,130,81,fast,1,45,slow,at50,235,6.5,flying,1,0
Magikarp,20,10,55,15,20,80,fast,1,255,slow,at50,10,0.9,water,1,0
Azumarill,100,50,80,60,80,50,fast,1,75,fast,at50,28.5,0.8,fairy,2,0
Musharna,116,55,85,107,95,29,fast,1,75,fast,at50,60.5,1.1,psychic,5,0
Azumarill,100,50,80,60,80,50,fast,1,75,fast,at50,28.5,0.8,water,2,0
Marill,70,20,50,20,50,40,fast,1,190,fast,at50,8.5,0.4,fairy,2,0
Munna,76,25,45,67,55,24,fast,1,190,fast,at50,23.3,0.6,psychic,5,0
Marill,70,20,50,20,50,40,fast,1,190,fast,at50,8.5,0.4,water,2,0
Raichu,60,85,50,95,85,110,fast,1,75,medium fast,at50,30,0.8,electric,1,0
Togedemaru,65,98,63,40,73,96,fast,1,180,medium fast,at50,3.3,0.3,electric,7,0
Togedemaru,65,98,63,40,73,96,fast,1,180,medium fast,at50,3.3,0.3,steel,7,0
Pichu,20,40,15,35,35,60,fast,1,190,medium fast,at50,2,0.3,electric,2,0
Pikachu,35,55,40,50,50,90,fast,1,190,medium fast,at50,6,0.4,electric,1,0
Raichu,60,85,50,95,85,110,fast,1,75,medium fast,at50,21,0.7,electric,7,0
Raichu,60,85,50,95,85,110,fast,1,75,medium fast,at50,21,0.7,psychic,7,0
Croagunk,48,61,40,61,40,50,fast,0,140,medium fast,at50,23,0.7,poison,4,0
Croagunk,48,61,40,61,40,50,fast,0,140,medium fast,at50,23,0.7,fighting,4,0
Pachirisu,60,45,70,45,90,95,fast,0,200,medium fast,at50,3.9,0.4,electric,4,0
Heatran,91,90,106,130,106,77,fast,0,3,slow,at50,430,1.7,fire,4,1
Heatran,91,90,106,130,106,77,fast,0,3,slow,at50,430,1.7,steel,4,1
Scraggy,50,75,70,35,70,48,fast,0,180,medium fast,at50,11.8,0.6,dark,5,0
Scraggy,50,75,70,35,70,48,fast,0,180,medium fast,at50,11.8,0.6,fighting,5,0
Ninjask,61,90,45,50,50,160,fast,1,120,fast,at50,12,0.8,bug,3,0
Ninjask,61,90,45,50,50,160,fast,1,120,fast,at50,12,0.8,flying,3,0
Nincada,31,45,90,30,30,40,fast,1,255,fast,at50,5.5,0.5,bug,3,0
Nincada,31,45,90,30,30,40,fast,1,255,fast,at50,5.5,0.5,ground,3,0
Pyukumuku,55,60,130,30,130,5,fast,1,60,fast,at50,1.2,0.3,water,7,0
Wishiwashi,45,140,130,140,135,30,fast,1,60,fast,at50,0.3,0.2,water,7,0
Ledian,55,35,50,55,110,85,fast,1,90,fast,at50,35.6,1.4,bug,2,0
Ariados,70,90,70,60,70,40,fast,1,90,fast,at50,33.5,1.1,bug,2,0
Ledian,55,35,50,55,110,85,fast,1,90,fast,at50,35.6,1.4,flying,2,0
Ariados,70,90,70,60,70,40,fast,1,90,fast,at50,33.5,1.1,poison,2,0
Ledyba,40,20,30,40,80,55,fast,1,255,fast,at50,10.8,1,bug,2,0
Spinarak,40,60,40,40,40,30,fast,1,255,fast,at50,8.5,0.5,bug,2,0
Spinda,60,60,60,60,60,60,fast,1,255,fast,at50,5,1.1,normal,3,0
Ledyba,40,20,30,40,80,55,fast,1,255,fast,at50,10.8,1,flying,2,0
Spinarak,40,60,40,40,40,30,fast,1,255,fast,at50,8.5,0.5,poison,2,0
Raticate,75,71,70,40,80,77,fast,1,127,medium fast,at50,25.5,0.7,dark,7,0
Raticate,75,71,70,40,80,77,fast,1,127,medium fast,at50,25.5,0.7,normal,7,0
Vikavolt,77,70,90,145,75,43,fast,1,45,medium fast,at50,45,1.5,bug,7,0
Beautifly,60,70,50,100,50,65,fast,1,45,medium fast,at50,28.4,1,bug,3,0
Butterfree,60,45,50,90,80,70,fast,1,45,medium fast,at50,32,1.1,bug,1,0
Vivillon,80,52,50,90,50,89,fast,1,45,medium fast,at50,17,1.2,bug,6,0
Beedrill,65,150,40,15,80,145,fast,1,45,medium fast,at50,29.5,1,bug,1,0
Dustox,60,50,70,50,90,65,fast,1,45,medium fast,at50,31.6,1.2,bug,3,0
Vikavolt,77,70,90,145,75,43,fast,1,45,medium fast,at50,45,1.5,electric,7,0
Toucannon,80,120,75,75,75,60,fast,1,45,medium fast,at50,26,1.1,normal,7,0
Swoobat,67,57,55,77,55,114,fast,1,45,medium fast,at50,10.5,0.9,psychic,5,0
Beautifly,60,70,50,100,50,65,fast,1,45,medium fast,at50,28.4,1,flying,3,0
Butterfree,60,45,50,90,80,70,fast,1,45,medium fast,at50,32,1.1,flying,1,0
Swoobat,67,57,55,77,55,114,fast,1,45,medium fast,at50,10.5,0.9,flying,5,0
Toucannon,80,120,75,75,75,60,fast,1,45,medium fast,at50,26,1.1,flying,7,0
Vivillon,80,52,50,90,50,89,fast,1,45,medium fast,at50,17,1.2,flying,6,0
Beedrill,65,150,40,15,80,145,fast,1,45,medium fast,at50,29.5,1,poison,1,0
Dustox,60,50,70,50,90,65,fast,1,45,medium fast,at50,31.6,1.2,poison,3,0
Palossand,85,75,110,100,75,35,fast,1,60,medium fast,at50,250,1.3,ghost,7,0
Palossand,85,75,110,100,75,35,fast,1,60,medium fast,at50,250,1.3,ground,7,0
Bewear,120,125,80,55,60,60,fast,1,70,medium fast,at50,135,2.1,normal,7,0
Bewear,120,125,80,55,60,60,fast,1,70,medium fast,at50,135,2.1,fighting,7,0
Masquerain,70,60,62,100,82,80,fast,1,75,medium fast,at50,3.6,0.8,bug,3,0
Escavalier,70,135,105,60,105,20,fast,1,75,medium fast,at50,33,1,bug,5,0
Accelgor,80,70,40,100,60,145,fast,1,75,medium fast,at50,25.3,0.8,bug,5,0
Masquerain,70,60,62,100,82,80,fast,1,75,medium fast,at50,3.6,0.8,flying,3,0
Escavalier,70,135,105,60,105,20,fast,1,75,medium fast,at50,33,1,steel,5,0
Bruxish,68,105,70,70,70,92,fast,1,80,medium fast,at50,19,0.9,water,7,0
Bruxish,68,105,70,70,70,92,fast,1,80,medium fast,at50,19,0.9,psychic,7,0
Scrafty,65,90,115,45,115,58,fast,1,90,medium fast,at50,30,1.1,dark,5,0
Fearow,65,90,65,61,61,100,fast,1,90,medium fast,at50,38,1.2,normal,1,0
Noctowl,100,50,50,86,96,70,fast,1,90,medium fast,at50,40.8,1.6,normal,2,0
Furret,85,76,64,45,55,90,fast,1,90,medium fast,at50,32.5,1.8,normal,2,0
Linoone,78,70,61,50,61,100,fast,1,90,medium fast,at50,32.5,0.5,normal,3,0
Crobat,85,90,80,70,80,130,fast,1,90,medium fast,at50,75,1.8,poison,2,0
Golbat,75,80,70,65,75,90,fast,1,90,medium fast,at50,55,1.6,poison,1,0
Lycanroc,85,115,75,55,75,82,fast,1,90,medium fast,at50,25,0.8,rock,7,0
Scrafty,65,90,115,45,115,58,fast,1,90,medium fast,at50,30,1.1,fighting,5,0
Crobat,85,90,80,70,80,130,fast,1,90,medium fast,at50,75,1.8,flying,2,0
Fearow,65,90,65,61,61,100,fast,1,90,medium fast,at50,38,1.2,flying,1,0
Golbat,75,80,70,65,75,90,fast,1,90,medium fast,at50,55,1.6,flying,1,0
Noctowl,100,50,50,86,96,70,fast,1,90,medium fast,at50,40.8,1.6,flying,2,0
Araquanid,68,70,92,50,132,42,fast,1,100,medium fast,at50,82,1.8,bug,7,0
Araquanid,68,70,92,50,132,42,fast,1,100,medium fast,at50,82,1.8,water,7,0
Charjabug,57,82,95,55,75,36,fast,1,120,medium fast,at50,10.5,0.5,bug,7,0
Kakuna,45,25,50,25,25,35,fast,1,120,medium fast,at50,10,0.6,bug,1,0
Burmy,40,29,45,29,45,36,fast,1,120,medium fast,at50,3.4,0.2,bug,4,0
Cascoon,50,35,55,25,25,15,fast,1,120,medium fast,at50,11.5,0.7,bug,3,0
Metapod,50,20,55,25,25,30,fast,1,120,medium fast,at50,9.9,0.7,bug,1,0
Silcoon,50,35,55,25,25,15,fast,1,120,medium fast,at50,10,0.6,bug,3,0
Spewpa,45,22,60,27,30,29,fast,1,120,medium fast,at50,8.4,0.3,bug,6,0
Charjabug,57,82,95,55,75,36,fast,1,120,medium fast,at50,10.5,0.5,electric,7,0
Trumbeak,55,85,50,40,50,75,fast,1,120,medium fast,at50,14.8,0.6,normal,7,0
Trumbeak,55,85,50,40,50,75,fast,1,120,medium fast,at50,14.8,0.6,flying,7,0
Kakuna,45,25,50,25,25,35,fast,1,120,medium fast,at50,10,0.6,poison,1,0
Mightyena,70,90,70,60,60,70,fast,1,127,medium fast,at50,37,1,dark,3,0
Diggersby,85,56,77,50,77,78,fast,1,127,medium fast,at50,42.4,1,normal,6,0
Bibarel,79,85,60,55,60,71,fast,1,127,medium fast,at50,31.5,1,normal,4,0
Gumshoos,88,110,60,55,60,45,fast,1,127,medium fast,at50,14.2,0.7,normal,7,0
Raticate,75,71,70,40,80,77,fast,1,127,medium fast,at50,18.5,0.7,normal,1,0
Diggersby,85,56,77,50,77,78,fast,1,127,medium fast,at50,42.4,1,ground,6,0
Bibarel,79,85,60,55,60,71,fast,1,127,medium fast,at50,31.5,1,water,4,0
Sandygast,55,55,80,70,45,15,fast,1,140,medium fast,at50,70,0.5,ghost,7,0
Stufful,70,75,50,45,50,50,fast,1,140,medium fast,at50,6.8,0.5,normal,7,0
Stufful,70,75,50,45,50,50,fast,1,140,medium fast,at50,6.8,0.5,fighting,7,0
Sandygast,55,55,80,70,45,15,fast,1,140,medium fast,at50,70,0.5,ground,7,0
Woobat,65,45,43,55,43,72,fast,1,190,medium fast,at50,2.1,0.4,psychic,5,0
Rockruff,45,65,40,30,40,60,fast,1,190,medium fast,at50,9.2,0.5,rock,7,0
Woobat,65,45,43,55,43,72,fast,1,190,medium fast,at50,2.1,0.4,flying,5,0
Dewpider,38,40,52,40,72,27,fast,1,200,medium fast,at50,4,0.3,bug,7,0
Surskit,40,30,32,50,52,65,fast,1,200,medium fast,at50,1.7,0.5,bug,3,0
Karrablast,50,75,45,40,45,60,fast,1,200,medium fast,at50,5.9,0.5,bug,5,0
Shelmet,50,40,85,40,65,25,fast,1,200,medium fast,at50,7.7,0.4,bug,5,0
Dewpider,38,40,52,40,72,27,fast,1,200,medium fast,at50,4,0.3,water,7,0
Surskit,40,30,32,50,52,65,fast,1,200,medium fast,at50,1.7,0.5,water,3,0
Weedle,40,35,30,20,20,50,fast,1,255,medium fast,at50,3.2,0.3,bug,1,0
Caterpie,45,30,35,20,20,45,fast,1,255,medium fast,at50,2.9,0.3,bug,1,0
Grubbin,47,62,45,55,45,46,fast,1,255,medium fast,at50,4.4,0.4,bug,7,0
Scatterbug,38,35,40,27,25,35,fast,1,255,medium fast,at50,2.5,0.3,bug,6,0
Wurmple,45,45,35,20,30,20,fast,1,255,medium fast,at50,3.6,0.3,bug,3,0
Poochyena,35,55,35,30,30,35,fast,1,255,medium fast,at50,13.6,0.5,dark,3,0
Hoothoot,60,30,30,36,56,50,fast,1,255,medium fast,at50,21.2,0.7,normal,2,0
Pikipek,35,75,30,30,30,65,fast,1,255,medium fast,at50,1.2,0.3,normal,7,0
Spearow,40,60,30,31,31,70,fast,1,255,medium fast,at50,2,0.3,normal,1,0
Bidoof,59,45,40,35,40,31,fast,1,255,medium fast,at50,20,0.5,normal,4,0
Bunnelby,38,36,38,32,36,57,fast,1,255,medium fast,at50,5,0.4,normal,6,0
Patrat,45,55,39,35,39,42,fast,1,255,medium fast,at50,11.6,0.5,normal,5,0
Rattata,30,56,35,25,35,72,fast,1,255,medium fast,at50,3.5,0.3,normal,1,0
Sentret,35,46,34,35,45,20,fast,1,255,medium fast,at50,6,0.8,normal,2,0
Yungoos,48,70,30,30,30,45,fast,1,255,medium fast,at50,6,0.4,normal,7,0
Zigzagoon,38,30,41,30,41,60,fast,1,255,medium fast,at50,17.5,0.4,normal,3,0
Zubat,40,45,35,30,40,55,fast,1,255,medium fast,at50,7.5,0.8,poison,1,0
Hoothoot,60,30,30,36,56,50,fast,1,255,medium fast,at50,21.2,0.7,flying,2,0
Pikipek,35,75,30,30,30,65,fast,1,255,medium fast,at50,1.2,0.3,flying,7,0
Spearow,40,60,30,31,31,70,fast,1,255,medium fast,at50,2,0.3,flying,1,0
Zubat,40,45,35,30,40,55,fast,1,255,medium fast,at50,7.5,0.8,flying,1,0
Weedle,40,35,30,20,20,50,fast,1,255,medium fast,at50,3.2,0.3,poison,1,0
Rattata,30,56,35,25,35,72,fast,1,255,medium fast,at50,3.8,0.3,normal,7,0
Rattata,30,56,35,25,35,72,fast,1,255,medium fast,at50,3.8,0.3,dark,7,0
Leavanny,75,103,80,70,80,92,fast,1,45,medium slow,at50,20.5,1.2,bug,5,0
Kricketune,77,85,51,55,51,65,fast,1,45,medium slow,at50,25.5,1,bug,4,0
Shiftry,90,100,60,90,60,80,fast,1,45,medium slow,at50,59.6,1.3,dark,3,0
Talonflame,78,81,71,74,69,126,fast,1,45,medium slow,at50,24.5,1.2,fire,6,0
Shiftry,90,100,60,90,60,80,fast,1,45,medium slow,at50,59.6,1.3,grass,3,0
Pidgeot,83,80,80,135,80,121,fast,1,45,medium slow,at50,39.5,1.5,normal,1,0
Staraptor,85,120,70,50,60,100,fast,1,45,medium slow,at50,24.9,1.2,normal,4,0
Swellow,60,85,60,75,50,125,fast,1,45,medium slow,at50,19.8,0.7,normal,3,0
Unfezant,80,115,80,65,55,93,fast,1,45,medium slow,at50,29,1.2,normal,5,0
Stoutland,85,110,90,45,90,80,fast,1,45,medium slow,at50,61,1.2,normal,5,0
Golem,80,120,130,55,65,45,fast,1,45,medium slow,at50,300,1.4,rock,1,0
Gigalith,85,135,130,60,80,25,fast,1,45,medium slow,at50,260,1.7,rock,5,0
Ludicolo,80,70,70,90,100,70,fast,1,45,medium slow,at50,55,1.5,water,3,0
Pidgeot,83,80,80,135,80,121,fast,1,45,medium slow,at50,39.5,1.5,flying,1,0
Staraptor,85,120,70,50,60,100,fast,1,45,medium slow,at50,24.9,1.2,flying,4,0
Swellow,60,85,60,75,50,125,fast,1,45,medium slow,at50,19.8,0.7,flying,3,0
Talonflame,78,81,71,74,69,126,fast,1,45,medium slow,at50,24.5,1.2,flying,6,0
Unfezant,80,115,80,65,55,93,fast,1,45,medium slow,at50,29,1.2,flying,5,0
Leavanny,75,103,80,70,80,92,fast,1,45,medium slow,at50,20.5,1.2,grass,5,0
Ludicolo,80,70,70,90,100,70,fast,1,45,medium slow,at50,55,1.5,grass,3,0
Golem,80,120,130,55,65,45,fast,1,45,medium slow,at50,300,1.4,ground,1,0
Swadloon,55,63,90,50,80,42,fast,1,120,medium slow,at50,7.3,0.5,bug,5,0
Whirlipede,40,55,99,40,79,47,fast,1,120,medium slow,at50,58.5,1.2,bug,5,0
Nuzleaf,70,70,40,60,40,60,fast,1,120,medium slow,at50,28,1,dark,3,0
Fletchinder,62,73,55,56,52,84,fast,1,120,medium slow,at50,16,0.7,fire,6,0
Nuzleaf,70,70,40,60,40,60,fast,1,120,medium slow,at50,28,1,grass,3,0
Pidgeotto,63,60,55,50,50,71,fast,1,120,medium slow,at50,30,1.1,normal,1,0
Staravia,55,75,50,40,40,80,fast,1,120,medium slow,at50,15.5,0.6,normal,4,0
Tranquill,62,77,62,50,42,65,fast,1,120,medium slow,at50,15,0.6,normal,5,0
Herdier,65,80,65,35,65,60,fast,1,120,medium slow,at50,14.7,0.9,normal,5,0
Graveler,55,95,115,45,45,35,fast,1,120,medium slow,at50,105,1,rock,1,0
Boldore,70,105,105,50,40,20,fast,1,120,medium slow,at50,102,0.9,rock,5,0
Lombre,60,50,50,60,70,50,fast,1,120,medium slow,at50,32.5,1.2,water,3,0
Fletchinder,62,73,55,56,52,84,fast,1,120,medium slow,at50,16,0.7,flying,6,0
Pidgeotto,63,60,55,50,50,71,fast,1,120,medium slow,at50,30,1.1,flying,1,0
Staravia,55,75,50,40,40,80,fast,1,120,medium slow,at50,15.5,0.6,flying,4,0
Tranquill,62,77,62,50,42,65,fast,1,120,medium slow,at50,15,0.6,flying,5,0
Lombre,60,50,50,60,70,50,fast,1,120,medium slow,at50,32.5,1.2,grass,3,0
Swadloon,55,63,90,50,80,42,fast,1,120,medium slow,at50,7.3,0.5,grass,5,0
Graveler,55,95,115,45,45,35,fast,1,120,medium slow,at50,105,1,ground,1,0
Whirlipede,40,55,99,40,79,47,fast,1,120,medium slow,at50,58.5,1.2,poison,5,0
Taillow,40,55,30,30,30,85,fast,1,200,medium slow,at50,2.3,0.3,normal,3,0
Taillow,40,55,30,30,30,85,fast,1,200,medium slow,at50,2.3,0.3,flying,3,0
Sewaddle,45,53,70,40,60,42,fast,1,255,medium slow,at50,2.5,0.3,bug,5,0
Venipede,30,45,59,30,39,57,fast,1,255,medium slow,at50,5.3,0.4,bug,5,0
Kricketot,37,25,41,25,41,25,fast,1,255,medium slow,at50,2.2,0.3,bug,4,0
Seedot,40,40,50,30,30,30,fast,1,255,medium slow,at50,4,0.5,grass,3,0
Fletchling,45,50,43,40,38,62,fast,1,255,medium slow,at50,1.7,0.3,normal,6,0
Pidgey,40,45,40,35,35,56,fast,1,255,medium slow,at50,1.8,0.3,normal,1,0
Pidove,50,55,50,36,30,43,fast,1,255,medium slow,at50,2.1,0.3,normal,5,0
Starly,40,55,30,30,30,60,fast,1,255,medium slow,at50,2,0.3,normal,4,0
Lillipup,45,60,45,25,45,55,fast,1,255,medium slow,at50,4.1,0.4,normal,5,0
Geodude,40,80,100,30,30,20,fast,1,255,medium slow,at50,20,0.4,rock,1,0
Roggenrola,55,75,85,25,25,15,fast,1,255,medium slow,at50,18,0.4,rock,5,0
Lotad,40,30,30,40,50,30,fast,1,255,medium slow,at50,2.6,0.5,water,3,0
Fletchling,45,50,43,40,38,62,fast,1,255,medium slow,at50,1.7,0.3,flying,6,0
Pidgey,40,45,40,35,35,56,fast,1,255,medium slow,at50,1.8,0.3,flying,1,0
Pidove,50,55,50,36,30,43,fast,1,255,medium slow,at50,2.1,0.3,flying,5,0
Starly,40,55,30,30,30,60,fast,1,255,medium slow,at50,2,0.3,flying,4,0
Lotad,40,30,30,40,50,30,fast,1,255,medium slow,at50,2.6,0.5,grass,3,0
Sewaddle,45,53,70,40,60,42,fast,1,255,medium slow,at50,2.5,0.3,grass,5,0
Geodude,40,80,100,30,30,20,fast,1,255,medium slow,at50,20,0.4,ground,1,0
Venipede,30,45,59,30,39,57,fast,1,255,medium slow,at50,5.3,0.4,poison,5,0
Geodude,40,80,100,30,30,20,fast,1,255,medium slow,at50,20.3,0.4,rock,7,0
Geodude,40,80,100,30,30,20,fast,1,255,medium slow,at50,20.3,0.4,electric,7,0
Graveler,55,95,115,45,45,35,fast,1,120,medium slow,at50,110,1,rock,7,0
Graveler,55,95,115,45,45,35,fast,1,120,medium slow,at50,110,1,electric,7,0
Golem,80,120,130,55,65,45,fast,1,45,medium slow,at50,316,1.7,rock,7,0
Golem,80,120,130,55,65,45,fast,1,45,medium slow,at50,316,1.7,electric,7,0
Slaking,150,160,100,95,65,100,fast,1,45,slow,at50,130.5,2,normal,3,0
Clawitzer,71,73,88,120,89,59,fast,1,55,slow,at50,35.3,1.3,water,6,0
Vigoroth,80,80,80,55,55,90,fast,1,120,slow,at50,46.5,1.4,normal,3,0
Clauncher,50,53,62,58,63,44,fast,1,225,slow,at50,8.3,0.5,water,6,0
Slakoth,60,60,60,35,35,30,fast,1,255,slow,at50,24,0.8,normal,3,0
Breloom,60,130,80,60,60,70,fast,1,90,slow,at50,39.2,1.2,grass,3,0
Breloom,60,130,80,60,60,70,fast,1,90,slow,at50,39.2,1.2,fighting,3,0
Crawdaunt,63,120,85,90,55,55,fast,1,155,slow,at50,32.8,1.1,dark,3,0
Crawdaunt,63,120,85,90,55,55,fast,1,155,slow,at50,32.8,1.1,water,3,0
Corphish,43,80,65,50,35,35,fast,1,205,slow,at50,11.5,0.6,water,3,0
Shroomish,60,40,60,40,60,35,fast,1,255,slow,at50,4.5,0.4,grass,3,0
Buneary,55,66,44,44,56,85,medium fast,0,190,medium fast,at50,5.5,0.4,normal,4,0
Bisharp,65,125,100,60,70,70,medium fast,0,45,medium fast,at50,70,1.6,dark,5,0
Bisharp,65,125,100,60,70,70,medium fast,0,45,medium fast,at50,70,1.6,steel,5,0
Pawniard,45,85,70,40,40,60,medium fast,0,120,medium fast,at50,10.2,0.5,dark,5,0
Pawniard,45,85,70,40,40,60,medium fast,0,120,medium fast,at50,10.2,0.5,steel,5,0
Honchkrow,100,125,52,105,52,71,medium fast,0,30,medium slow,at50,27.3,0.9,dark,4,0
Murkrow,60,85,42,85,42,91,medium fast,0,30,medium slow,at50,2.1,0.5,dark,2,0
Chatot,76,65,45,92,42,91,medium fast,0,30,medium slow,at50,1.9,0.5,normal,4,0
Chatot,76,65,45,92,42,91,medium fast,0,30,medium slow,at50,1.9,0.5,flying,4,0
Honchkrow,100,125,52,105,52,71,medium fast,0,30,medium slow,at50,27.3,0.9,flying,4,0
Murkrow,60,85,42,85,42,91,medium fast,0,30,medium slow,at50,2.1,0.5,flying,2,0
Weavile,70,120,65,45,85,125,medium fast,0,45,medium slow,at50,34,1.1,dark,4,0
Weavile,70,120,65,45,85,125,medium fast,0,45,medium slow,at50,34,1.1,ice,4,0
Cacturne,70,115,60,115,60,55,medium fast,0,60,medium slow,at50,77.4,1.3,dark,3,0
Sneasel,55,95,55,35,75,115,medium fast,0,60,medium slow,at50,28,0.9,dark,2,0
Cacturne,70,115,60,115,60,55,medium fast,0,60,medium slow,at50,77.4,1.3,grass,3,0
Sneasel,55,95,55,35,75,115,medium fast,0,60,medium slow,at50,28,0.9,ice,2,0
Cacnea,50,85,40,85,40,35,medium fast,0,190,medium slow,at50,51.3,0.4,grass,3,0
Houndoom,75,90,90,140,90,115,medium fast,0,45,slow,at50,35,1.4,dark,2,0
Gardevoir,68,85,65,165,135,100,medium fast,0,45,slow,at50,48.4,1.6,fairy,3,0
Gardevoir,68,85,65,165,135,100,medium fast,0,45,slow,at50,48.4,1.6,psychic,3,0
Houndoom,75,90,90,140,90,115,medium fast,0,45,slow,at50,35,1.4,fire,2,0
Sharpedo,70,140,70,110,65,105,medium fast,0,60,slow,at50,88.8,1.8,dark,3,0
Sharpedo,70,140,70,110,65,105,medium fast,0,60,slow,at50,88.8,1.8,water,3,0
Houndour,45,60,30,80,50,65,medium fast,0,120,slow,at50,10.8,0.6,dark,2,0
Kirlia,38,35,35,65,55,50,medium fast,0,120,slow,at50,20.2,0.8,fairy,3,0
Kirlia,38,35,35,65,55,50,medium fast,0,120,slow,at50,20.2,0.8,psychic,3,0
Houndour,45,60,30,80,50,65,medium fast,0,120,slow,at50,10.8,0.6,fire,2,0
Carvanha,45,90,20,65,20,65,medium fast,0,225,slow,at50,20.8,0.8,dark,3,0
Carvanha,45,90,20,65,20,65,medium fast,0,225,slow,at50,20.8,0.8,water,3,0
Ralts,28,25,25,45,35,40,medium fast,0,235,slow,at50,6.6,0.4,fairy,3,0
Ralts,28,25,25,45,35,40,medium fast,0,235,slow,at50,6.6,0.4,psychic,3,0
Altaria,75,110,110,110,105,80,medium fast,1,45,fast,at50,20.6,1.1,dragon,3,0
Altaria,75,110,110,110,105,80,medium fast,1,45,fast,at50,20.6,1.1,flying,3,0
Gorebyss,55,84,105,114,75,52,medium fast,1,60,fast,at50,22.6,1.8,water,3,0
Huntail,55,104,105,94,75,52,medium fast,1,60,fast,at50,27,1.7,water,3,0
Milotic,95,60,79,100,125,81,medium fast,1,60,fast,at50,162,6.2,water,3,0
Lumineon,69,69,76,69,86,91,medium fast,1,75,fast,at50,24,1.2,water,4,0
Zangoose,73,115,60,60,60,90,medium fast,1,90,fast,at50,40.3,1.3,normal,3,0
Finneon,49,49,56,49,61,66,medium fast,1,190,fast,at50,7,0.4,water,4,0
Swablu,45,40,60,40,75,50,medium fast,1,255,fast,at50,1.2,0.4,normal,3,0
Clamperl,35,64,85,74,55,32,medium fast,1,255,fast,at50,52.5,0.4,water,3,0
Feebas,20,15,20,10,55,80,medium fast,1,255,fast,at50,7.4,0.6,water,3,0
Swablu,45,40,60,40,75,50,medium fast,1,255,fast,at50,1.2,0.4,flying,3,0
Mawile,50,105,125,55,95,50,medium fast,1,45,fast,at50,11.5,0.6,fairy,3,0
Delibird,45,55,45,65,45,75,medium fast,1,45,fast,at50,16,0.9,ice,2,0
Aipom,55,70,55,40,55,85,medium fast,1,45,fast,at50,11.5,0.8,normal,2,0
Smeargle,55,20,35,20,45,75,medium fast,1,45,fast,at50,58,1.2,normal,2,0
Mawile,50,105,125,55,95,50,medium fast,1,45,fast,at50,11.5,0.6,steel,3,0
Delibird,45,55,45,65,45,75,medium fast,1,45,fast,at50,16,0.9,flying,2,0
Grumpig,80,45,65,90,110,80,medium fast,1,60,fast,at50,71.5,0.9,psychic,3,0
Klefki,57,80,91,80,87,75,medium fast,1,75,fast,at50,3,0.2,fairy,6,0
Klefki,57,80,91,80,87,75,medium fast,1,75,fast,at50,3,0.2,steel,6,0
Audino,103,60,126,80,126,50,medium fast,1,255,fast,at50,31,1.1,normal,5,0
Spoink,60,25,35,70,80,60,medium fast,1,255,fast,at50,30.6,0.7,psychic,3,0
Yanmega,86,76,86,116,56,95,medium fast,1,30,medium fast,at50,51.5,1.9,bug,4,0
Tangrowth,100,100,125,110,50,50,medium fast,1,30,medium fast,at50,128.6,2,grass,4,0
Lickilicky,110,85,95,80,95,50,medium fast,1,30,medium fast,at50,140,1.7,normal,4,0
Yanmega,86,76,86,116,56,95,medium fast,1,30,medium fast,at50,51.5,1.9,flying,4,0
Golisopod,75,125,140,60,90,40,medium fast,1,45,medium fast,at50,108,2,bug,7,0
Kingdra,75,95,95,95,95,85,medium fast,1,45,medium fast,at50,152,1.8,dragon,2,0
Noivern,85,70,80,97,80,123,medium fast,1,45,medium fast,at50,85,1.5,dragon,6,0
Mimikyu,55,90,80,50,105,96,medium fast,1,45,medium fast,at50,0.7,0.2,fairy,7,0
Noivern,85,70,80,97,80,123,medium fast,1,45,medium fast,at50,85,1.5,flying,6,0
Mimikyu,55,90,80,50,105,96,medium fast,1,45,medium fast,at50,0.7,0.2,ghost,7,0
Gogoat,123,100,62,97,81,68,medium fast,1,45,medium fast,at50,91,1.7,grass,6,0
Tangela,65,55,115,100,40,60,medium fast,1,45,medium fast,at50,35,1,grass,1,0
Dodrio,60,110,70,60,60,110,medium fast,1,45,medium fast,at50,85.2,1.8,normal,1,0
Farfetch'd,52,90,55,58,62,60,medium fast,1,45,medium fast,at50,15,0.8,normal,1,0
Bouffalant,95,110,95,40,95,55,medium fast,1,45,medium fast,at50,94.6,1.6,normal,5,0
Lickitung,90,55,75,60,75,30,medium fast,1,45,medium fast,at50,65.5,1.2,normal,1,0
Sigilyph,72,58,80,103,80,97,medium fast,1,45,medium fast,at50,14,1.4,psychic,5,0
Wobbuffet,190,33,58,33,58,33,medium fast,1,45,medium fast,at50,28.5,1.3,psychic,2,0
Barbaracle,72,105,115,54,86,68,medium fast,1,45,medium fast,at50,96,1.3,rock,6,0
Aegislash,60,150,50,150,50,60,medium fast,1,45,medium fast,at50,53,1.7,steel,6,0
Kingdra,75,95,95,95,95,85,medium fast,1,45,medium fast,at50,152,1.8,water,2,0
Pelipper,60,50,100,95,70,65,medium fast,1,45,medium fast,at50,28,1.2,water,3,0
Swanna,75,87,63,87,63,98,medium fast,1,45,medium fast,at50,24.2,1.3,water,5,0
Qwilfish,65,95,85,55,55,85,medium fast,1,45,medium fast,at50,3.9,0.5,water,2,0
Dodrio,60,110,70,60,60,110,medium fast,1,45,medium fast,at50,85.2,1.8,flying,1,0
Farfetch'd,52,90,55,58,62,60,medium fast,1,45,medium fast,at50,15,0.8,flying,1,0
Pelipper,60,50,100,95,70,65,medium fast,1,45,medium fast,at50,28,1.2,flying,3,0
Sigilyph,72,58,80,103,80,97,medium fast,1,45,medium fast,at50,14,1.4,flying,5,0
Swanna,75,87,63,87,63,98,medium fast,1,45,medium fast,at50,24.2,1.3,flying,5,0
Aegislash,60,150,50,150,50,60,medium fast,1,45,medium fast,at50,53,1.7,ghost,6,0
Qwilfish,65,95,85,55,55,85,medium fast,1,45,medium fast,at50,3.9,0.5,poison,2,0
Barbaracle,72,105,115,54,86,68,medium fast,1,45,medium fast,at50,96,1.3,water,6,0
Golisopod,75,125,140,60,90,40,medium fast,1,45,medium fast,at50,108,2,water,7,0
Dugtrio,35,100,60,50,70,110,medium fast,1,50,medium fast,at50,33.3,0.7,ground,1,0
Dragalge,65,75,90,97,123,44,medium fast,1,55,medium fast,at50,81.5,1.8,dragon,6,0
Avalugg,95,117,184,44,46,28,medium fast,1,55,medium fast,at50,505,2,ice,6,0
Dragalge,65,75,90,97,123,44,medium fast,1,55,medium fast,at50,81.5,1.8,poison,6,0
Skuntank,103,93,67,71,61,84,medium fast,1,60,medium fast,at50,38,1,dark,4,0
Crabominable,97,132,77,62,67,43,medium fast,1,60,medium fast,at50,180,1.7,fighting,7,0
Rapidash,65,100,70,80,80,105,medium fast,1,60,medium fast,at50,95,1.7,fire,1,0
Gourgeist,85,100,122,58,75,54,medium fast,1,60,medium fast,at50,39,1.7,ghost,6,0
Trevenant,85,110,76,65,82,56,medium fast,1,60,medium fast,at50,71,1.5,ghost,6,0
Excadrill,110,135,60,50,65,88,medium fast,1,60,medium fast,at50,40.4,0.7,ground,5,0
Donphan,90,120,120,60,60,50,medium fast,1,60,medium fast,at50,120,1.1,ground,2,0
Mudsdale,100,125,100,55,85,35,medium fast,1,60,medium fast,at50,920,2.5,ground,7,0
Beartic,95,130,80,70,80,50,medium fast,1,60,medium fast,at50,260,2.6,ice,5,0
Girafarig,70,80,65,90,65,85,medium fast,1,60,medium fast,at50,41.5,1.5,normal,2,0
Ursaring,90,130,75,75,75,55,medium fast,1,60,medium fast,at50,125.8,1.8,normal,2,0
Skuntank,103,93,67,71,61,84,medium fast,1,60,medium fast,at50,38,1,poison,4,0
Garbodor,80,95,82,60,82,75,medium fast,1,60,medium fast,at50,107.3,1.9,poison,5,0
Weezing,65,90,120,85,70,60,medium fast,1,60,medium fast,at50,9.5,1.2,poison,1,0
Probopass,60,55,145,75,150,40,medium fast,1,60,medium fast,at50,340,1.4,rock,4,0
Jellicent,100,60,70,85,105,60,medium fast,1,60,medium fast,at50,135,2.2,water,5,0
Kingler,55,130,115,50,50,75,medium fast,1,60,medium fast,at50,60,1.3,water,1,0
Seaking,80,92,65,65,80,68,medium fast,1,60,medium fast,at50,39,1.3,water,1,0
Jellicent,100,60,70,85,105,60,medium fast,1,60,medium fast,at50,135,2.2,ghost,5,0
Gourgeist,85,100,122,58,75,54,medium fast,1,60,medium fast,at50,39,1.7,grass,6,0
Trevenant,85,110,76,65,82,56,medium fast,1,60,medium fast,at50,71,1.5,grass,6,0
Crabominable,97,132,77,62,67,43,medium fast,1,60,medium fast,at50,180,1.7,ice,7,0
Girafarig,70,80,65,90,65,85,medium fast,1,60,medium fast,at50,41.5,1.5,psychic,2,0
Excadrill,110,135,60,50,65,88,medium fast,1,60,medium fast,at50,40.4,0.7,steel,5,0
Probopass,60,55,145,75,150,40,medium fast,1,60,medium fast,at50,340,1.4,steel,4,0
Sudowoodo,70,100,115,30,65,30,medium fast,1,65,medium fast,at50,38,1.2,rock,2,0
Drampa,78,60,85,135,91,36,medium fast,1,70,medium fast,at50,185,3,dragon,7,0
Turtonator,60,78,135,91,85,36,medium fast,1,70,medium fast,at50,212,2,dragon,7,0
Turtonator,60,78,135,91,85,36,medium fast,1,70,medium fast,at50,212,2,fire,7,0
Drampa,78,60,85,135,91,36,medium fast,1,70,medium fast,at50,185,3,normal,7,0
Slowking,95,75,80,100,110,30,medium fast,1,70,medium fast,at50,79.5,2,water,2,0
Slowking,95,75,80,100,110,30,medium fast,1,70,medium fast,at50,79.5,2,psychic,2,0
Galvantula,70,77,60,97,60,108,medium fast,1,75,medium fast,at50,14.3,0.8,bug,5,0
Ribombee,60,55,60,95,70,124,medium fast,1,75,medium fast,at50,0.5,0.2,bug,7,0
Yanma,65,65,45,75,45,95,medium fast,1,75,medium fast,at50,38,1.2,bug,2,0
Parasect,60,95,80,60,80,30,medium fast,1,75,medium fast,at50,29.5,1,bug,1,0
Venomoth,70,65,60,90,75,90,medium fast,1,75,medium fast,at50,12.5,1.5,bug,1,0
Crustle,70,105,125,65,75,45,medium fast,1,75,medium fast,at50,200,1.4,bug,5,0
Forretress,75,90,140,60,60,40,medium fast,1,75,medium fast,at50,125.8,1.2,bug,2,0
Galvantula,70,77,60,97,60,108,medium fast,1,75,medium fast,at50,14.3,0.8,electric,5,0
Stunfisk,109,66,84,81,99,32,medium fast,1,75,medium fast,at50,11,0.7,electric,5,0
Heliolisk,62,55,52,109,94,109,medium fast,1,75,medium fast,at50,21,1,electric,6,0
Zebstrika,75,100,63,80,63,116,medium fast,1,75,medium fast,at50,79.5,1.6,electric,5,0
Ribombee,60,55,60,95,70,124,medium fast,1,75,medium fast,at50,0.5,0.2,fairy,7,0
Shiinotic,60,45,80,90,100,30,medium fast,1,75,medium fast,at50,11.5,1,fairy,7,0
Whimsicott,60,67,85,77,75,116,medium fast,1,75,medium fast,at50,6.6,0.7,fairy,5,0
Primeape,65,105,60,60,70,95,medium fast,1,75,medium fast,at50,32,1,fighting,1,0
Magcargo,60,50,120,90,80,30,medium fast,1,75,medium fast,at50,55,0.8,fire,2,0
Shiinotic,60,45,80,90,100,30,medium fast,1,75,medium fast,at50,11.5,1,grass,7,0
Whimsicott,60,67,85,77,75,116,medium fast,1,75,medium fast,at50,6.6,0.7,grass,5,0
Amoonguss,114,85,70,85,80,30,medium fast,1,75,medium fast,at50,10.5,0.6,grass,5,0
Cherrim,70,60,70,87,78,85,medium fast,1,75,medium fast,at50,9.3,0.5,grass,4,0
Lurantis,70,105,90,80,90,45,medium fast,1,75,medium fast,at50,18.5,0.9,grass,7,0
Stunfisk,109,66,84,81,99,32,medium fast,1,75,medium fast,at50,11,0.7,ground,5,0
Marowak,60,80,110,50,80,45,medium fast,1,75,medium fast,at50,45,1,ground,1,0
Glalie,80,120,80,120,80,100,medium fast,1,75,medium fast,at50,256.5,1.5,ice,3,0
Sawsbuck,80,100,70,60,70,95,medium fast,1,75,medium fast,at50,92.5,1.9,normal,5,0
Toxicroak,83,106,65,86,65,85,medium fast,1,75,medium fast,at50,44.4,1.3,poison,4,0
Toxapex,50,63,152,53,142,35,medium fast,1,75,medium fast,at50,14.5,0.7,poison,7,0
Muk,105,105,75,65,100,50,medium fast,1,75,medium fast,at50,30,1.2,poison,1,0
Xatu,65,75,70,95,70,95,medium fast,1,75,medium fast,at50,15,1.5,psychic,2,0
Hypno,85,73,70,73,115,67,medium fast,1,75,medium fast,at50,75.6,1.6,psychic,1,0
Meowstic,74,48,76,83,81,104,medium fast,1,75,medium fast,at50,8.5,0.6,psychic,6,0
Gastrodon,111,83,68,92,82,39,medium fast,1,75,medium fast,at50,29.9,0.9,water,4,0
Whiscash,110,78,73,76,71,60,medium fast,1,75,medium fast,at50,23.6,0.9,water,3,0
Dewgong,90,70,80,70,95,70,medium fast,1,75,medium fast,at50,120,1.7,water,1,0
Slowbro,95,75,180,130,80,30,medium fast,1,75,medium fast,at50,78.5,1.6,water,1,0
Floatzel,85,105,55,85,50,115,medium fast,1,75,medium fast,at50,33.5,1.1,water,4,0
Golduck,80,82,78,95,80,85,medium fast,1,75,medium fast,at50,76.6,1.7,water,1,0
Octillery,75,105,75,105,75,45,medium fast,1,75,medium fast,at50,28.5,0.9,water,2,0
Seadra,55,65,95,95,45,85,medium fast,1,75,medium fast,at50,25,1.2,water,1,0
Toxicroak,83,106,65,86,65,85,medium fast,1,75,medium fast,at50,44.4,1.3,fighting,4,0
Xatu,65,75,70,95,70,95,medium fast,1,75,medium fast,at50,15,1.5,flying,2,0
Yanma,65,65,45,75,45,95,medium fast,1,75,medium fast,at50,38,1.2,flying,2,0
Parasect,60,95,80,60,80,30,medium fast,1,75,medium fast,at50,29.5,1,grass,1,0
Sawsbuck,80,100,70,60,70,95,medium fast,1,75,medium fast,at50,92.5,1.9,grass,5,0
Gastrodon,111,83,68,92,82,39,medium fast,1,75,medium fast,at50,29.9,0.9,ground,4,0
Whiscash,110,78,73,76,71,60,medium fast,1,75,medium fast,at50,23.6,0.9,ground,3,0
Dewgong,90,70,80,70,95,70,medium fast,1,75,medium fast,at50,120,1.7,ice,1,0
Heliolisk,62,55,52,109,94,109,medium fast,1,75,medium fast,at50,21,1,normal,6,0
Amoonguss,114,85,70,85,80,30,medium fast,1,75,medium fast,at50,10.5,0.6,poison,5,0
Venomoth,70,65,60,90,75,90,medium fast,1,75,medium fast,at50,12.5,1.5,poison,1,0
Slowbro,95,75,180,130,80,30,medium fast,1,75,medium fast,at50,78.5,1.6,psychic,1,0
Crustle,70,105,125,65,75,45,medium fast,1,75,medium fast,at50,200,1.4,rock,5,0
Magcargo,60,50,120,90,80,30,medium fast,1,75,medium fast,at50,55,0.8,rock,2,0
Forretress,75,90,140,60,60,40,medium fast,1,75,medium fast,at50,125.8,1.2,steel,2,0
Toxapex,50,63,152,53,142,35,medium fast,1,75,medium fast,at50,14.5,0.7,water,7,0
Malamar,86,92,88,68,75,73,medium fast,1,80,medium fast,at50,47,1.5,dark,6,0
Malamar,86,92,88,68,75,73,medium fast,1,80,medium fast,at50,47,1.5,psychic,6,0
Durant,58,109,112,48,48,109,medium fast,1,90,medium fast,at50,33,0.3,bug,5,0
Wimpod,25,35,40,20,30,80,medium fast,1,90,medium fast,at50,12,0.5,bug,7,0
Liepard,64,88,50,88,50,106,medium fast,1,90,medium fast,at50,37.5,1.1,dark,5,0
Medicham,60,100,85,80,85,100,medium fast,1,90,medium fast,at50,31.5,1.3,fighting,3,0
Heatmor,85,97,66,105,66,65,medium fast,1,90,medium fast,at50,58,1.4,fire,5,0
Torkoal,70,85,140,85,70,20,medium fast,1,90,medium fast,at50,80.4,0.5,fire,3,0
Ferrothorn,74,94,131,54,116,20,medium fast,1,90,medium fast,at50,110,1,grass,5,0
Sandslash,75,100,120,25,65,65,medium fast,1,90,medium fast,at50,29.5,1,ground,1,0
Persian,65,60,60,75,65,115,medium fast,1,90,medium fast,at50,32,1,normal,1,0
Arbok,60,95,69,65,79,80,medium fast,1,90,medium fast,at50,65,3.5,poison,1,0
Beheeyem,75,75,75,125,95,40,medium fast,1,90,medium fast,at50,34.5,1,psychic,5,0
Doublade,59,110,150,45,49,35,medium fast,1,90,medium fast,at50,4.5,0.8,steel,6,0
Quagsire,95,85,85,65,65,35,medium fast,1,90,medium fast,at50,75,1.4,water,2,0
Doublade,59,110,150,45,49,35,medium fast,1,90,medium fast,at50,4.5,0.8,ghost,6,0
Quagsire,95,85,85,65,65,35,medium fast,1,90,medium fast,at50,75,1.4,ground,2,0
Medicham,60,100,85,80,85,100,medium fast,1,90,medium fast,at50,31.5,1.3,psychic,3,0
Durant,58,109,112,48,48,109,medium fast,1,90,medium fast,at50,33,0.3,steel,5,0
Ferrothorn,74,94,131,54,116,20,medium fast,1,90,medium fast,at50,110,1,steel,5,0
Wimpod,25,35,40,20,30,80,medium fast,1,90,medium fast,at50,12,0.5,water,7,0
Hawlucha,78,92,75,74,63,118,medium fast,1,100,medium fast,at50,21.5,0.8,fighting,6,0
Hawlucha,78,92,75,74,63,118,medium fast,1,100,medium fast,at50,21.5,0.8,flying,6,0
Phantump,43,70,48,50,60,38,medium fast,1,120,medium fast,at50,7,0.4,ghost,6,0
Pumpkaboo,59,66,70,44,55,41,medium fast,1,120,medium fast,at50,15,0.8,ghost,6,0
Drilbur,60,85,40,30,45,68,medium fast,1,120,medium fast,at50,8.5,0.3,ground,5,0
Phanpy,90,60,60,40,40,40,medium fast,1,120,medium fast,at50,33.5,0.5,ground,2,0
Cubchoo,55,70,40,60,40,40,medium fast,1,120,medium fast,at50,8.5,0.5,ice,5,0
Teddiursa,60,80,50,50,50,40,medium fast,1,120,medium fast,at50,8.8,0.6,normal,2,0
Binacle,42,52,67,39,56,50,medium fast,1,120,medium fast,at50,31,0.5,rock,6,0
Phantump,43,70,48,50,60,38,medium fast,1,120,medium fast,at50,7,0.4,grass,6,0
Pumpkaboo,59,66,70,44,55,41,medium fast,1,120,medium fast,at50,15,0.8,grass,6,0
Binacle,42,52,67,39,56,50,medium fast,1,120,medium fast,at50,31,0.5,water,6,0
Wynaut,95,23,48,23,48,23,medium fast,1,125,medium fast,at50,14,0.6,psychic,3,0
Aromatisse,101,72,72,99,89,29,medium fast,1,140,medium fast,at50,15.5,0.8,fairy,6,0
Slurpuff,82,80,86,85,75,72,medium fast,1,140,medium fast,at50,5,0.8,fairy,6,0
Camerupt,70,120,100,145,105,20,medium fast,1,150,medium fast,at50,220,1.9,fire,3,0
Camerupt,70,120,100,145,105,20,medium fast,1,150,medium fast,at50,220,1.9,ground,3,0
Furfrou,75,80,60,65,90,102,medium fast,1,160,medium fast,at50,28,1.2,normal,6,0
Dedenne,67,58,57,81,67,101,medium fast,1,180,medium fast,at50,2.2,0.2,electric,6,0
Dedenne,67,58,57,81,67,101,medium fast,1,180,medium fast,at50,2.2,0.2,fairy,6,0
Meditite,30,40,55,40,55,60,medium fast,1,180,medium fast,at50,11.2,0.6,fighting,3,0
Honedge,45,80,100,35,37,28,medium fast,1,180,medium fast,at50,2,0.8,steel,6,0
Honedge,45,80,100,35,37,28,medium fast,1,180,medium fast,at50,2,0.8,ghost,6,0
Meditite,30,40,55,40,55,60,medium fast,1,180,medium fast,at50,11.2,0.6,psychic,3,0
Joltik,50,47,50,57,50,65,medium fast,1,190,medium fast,at50,0.6,0.1,bug,5,0
Cutiefly,40,45,40,55,40,84,medium fast,1,190,medium fast,at50,0.2,0.1,bug,7,0
Paras,35,70,55,45,55,25,medium fast,1,190,medium fast,at50,5.4,0.3,bug,1,0
Venonat,60,55,50,40,55,45,medium fast,1,190,medium fast,at50,30,1,bug,1,0
Dwebble,50,65,85,35,35,55,medium fast,1,190,medium fast,at50,14.5,0.3,bug,5,0
Pineco,50,65,90,35,35,15,medium fast,1,190,medium fast,at50,7.2,0.6,bug,2,0
Inkay,53,54,53,37,46,45,medium fast,1,190,medium fast,at50,3.5,0.4,dark,6,0
Noibat,40,30,35,45,40,55,medium fast,1,190,medium fast,at50,8,0.5,dragon,6,0
Joltik,50,47,50,57,50,65,medium fast,1,190,medium fast,at50,0.6,0.1,electric,5,0
Helioptile,44,38,33,61,43,70,medium fast,1,190,medium fast,at50,6,0.5,electric,6,0
Blitzle,45,60,32,50,32,76,medium fast,1,190,medium fast,at50,29.8,0.8,electric,5,0
Cottonee,40,27,60,37,50,66,medium fast,1,190,medium fast,at50,0.6,0.3,fairy,5,0
Cutiefly,40,45,40,55,40,84,medium fast,1,190,medium fast,at50,0.2,0.1,fairy,7,0
Morelull,40,35,55,65,75,15,medium fast,1,190,medium fast,at50,1.5,0.2,fairy,7,0
Mankey,40,80,35,35,45,70,medium fast,1,190,medium fast,at50,28,0.5,fighting,1,0
Ponyta,50,85,55,65,65,90,medium fast,1,190,medium fast,at50,30,1,fire,1,0
Slugma,40,40,40,70,40,20,medium fast,1,190,medium fast,at50,35,0.7,fire,2,0
Noibat,40,30,35,45,40,55,medium fast,1,190,medium fast,at50,8,0.5,flying,6,0
Cottonee,40,27,60,37,50,66,medium fast,1,190,medium fast,at50,0.6,0.3,grass,5,0
Morelull,40,35,55,65,75,15,medium fast,1,190,medium fast,at50,1.5,0.2,grass,7,0
Foongus,69,55,45,55,55,15,medium fast,1,190,medium fast,at50,1,0.2,grass,5,0
Cherubi,45,35,45,62,53,35,medium fast,1,190,medium fast,at50,3.3,0.4,grass,4,0
Fomantis,40,55,35,50,35,35,medium fast,1,190,medium fast,at50,1.5,0.3,grass,7,0
Cubone,50,50,95,40,50,35,medium fast,1,190,medium fast,at50,6.5,0.4,ground,1,0
Mudbray,70,100,70,45,55,45,medium fast,1,190,medium fast,at50,110,1,ground,7,0
Bergmite,55,69,85,32,35,28,medium fast,1,190,medium fast,at50,99.5,1,ice,6,0
Snorunt,50,50,50,50,50,50,medium fast,1,190,medium fast,at50,16.8,0.7,ice,3,0
Doduo,35,85,45,35,35,75,medium fast,1,190,medium fast,at50,39.2,1.4,normal,1,0
Deerling,60,60,50,40,50,75,medium fast,1,190,medium fast,at50,19.5,0.6,normal,5,0
Dunsparce,100,70,70,65,65,45,medium fast,1,190,medium fast,at50,14,1.5,normal,2,0
Mareanie,50,53,62,43,52,45,medium fast,1,190,medium fast,at50,8,0.4,poison,7,0
Grimer,80,80,50,40,50,25,medium fast,1,190,medium fast,at50,30,0.9,poison,1,0
Koffing,40,65,95,60,45,35,medium fast,1,190,medium fast,at50,1,0.6,poison,1,0
Trubbish,50,50,62,40,62,65,medium fast,1,190,medium fast,at50,31,0.6,poison,5,0
Natu,40,50,45,70,45,70,medium fast,1,190,medium fast,at50,2,0.2,psychic,2,0
Drowzee,60,48,45,43,90,42,medium fast,1,190,medium fast,at50,32.4,1,psychic,1,0
Espurr,62,48,54,63,60,68,medium fast,1,190,medium fast,at50,3.5,0.3,psychic,6,0
Ducklett,62,44,50,44,50,55,medium fast,1,190,medium fast,at50,5.5,0.5,water,5,0
Wingull,40,30,30,55,30,85,medium fast,1,190,medium fast,at50,9.5,0.6,water,3,0
Frillish,55,40,50,65,85,40,medium fast,1,190,medium fast,at50,33,1.2,water,5,0
Barboach,50,48,43,46,41,60,medium fast,1,190,medium fast,at50,1.9,0.4,water,3,0
Slowpoke,90,65,65,40,40,15,medium fast,1,190,medium fast,at50,36,1.2,water,1,0
Buizel,55,65,35,60,30,85,medium fast,1,190,medium fast,at50,29.5,0.7,water,4,0
Psyduck,50,52,48,65,50,55,medium fast,1,190,medium fast,at50,19.6,0.8,water,1,0
Remoraid,35,65,35,65,35,65,medium fast,1,190,medium fast,at50,12,0.6,water,2,0
Seel,65,45,55,45,70,45,medium fast,1,190,medium fast,at50,90,1.1,water,1,0
Shellos,76,48,48,57,62,34,medium fast,1,190,medium fast,at50,6.3,0.3,water,4,0
Doduo,35,85,45,35,35,75,medium fast,1,190,medium fast,at50,39.2,1.4,flying,1,0
Ducklett,62,44,50,44,50,55,medium fast,1,190,medium fast,at50,5.5,0.5,flying,5,0
Natu,40,50,45,70,45,70,medium fast,1,190,medium fast,at50,2,0.2,flying,2,0
Wingull,40,30,30,55,30,85,medium fast,1,190,medium fast,at50,9.5,0.6,flying,3,0
Frillish,55,40,50,65,85,40,medium fast,1,190,medium fast,at50,33,1.2,ghost,5,0
Deerling,60,60,50,40,50,75,medium fast,1,190,medium fast,at50,19.5,0.6,grass,5,0
Paras,35,70,55,45,55,25,medium fast,1,190,medium fast,at50,5.4,0.3,grass,1,0
Barboach,50,48,43,46,41,60,medium fast,1,190,medium fast,at50,1.9,0.4,ground,3,0
Helioptile,44,38,33,61,43,70,medium fast,1,190,medium fast,at50,6,0.5,normal,6,0
Foongus,69,55,45,55,55,15,medium fast,1,190,medium fast,at50,1,0.2,poison,5,0
Venonat,60,55,50,40,55,45,medium fast,1,190,medium fast,at50,30,1,poison,1,0
Inkay,53,54,53,37,46,45,medium fast,1,190,medium fast,at50,3.5,0.4,psychic,6,0
Slowpoke,90,65,65,40,40,15,medium fast,1,190,medium fast,at50,36,1.2,psychic,1,0
Dwebble,50,65,85,35,35,55,medium fast,1,190,medium fast,at50,14.5,0.3,rock,5,0
Mareanie,50,53,62,43,52,45,medium fast,1,190,medium fast,at50,8,0.4,water,7,0
Emolga,55,75,60,75,60,103,medium fast,1,200,medium fast,at50,5,0.4,electric,5,0
Minun,60,40,50,75,85,95,medium fast,1,200,medium fast,at50,4.2,0.4,electric,3,0
Plusle,60,50,40,85,75,95,medium fast,1,200,medium fast,at50,4.2,0.4,electric,3,0
Spritzee,78,52,60,63,65,23,medium fast,1,200,medium fast,at50,0.5,0.2,fairy,6,0
Swirlix,62,48,66,59,57,49,medium fast,1,200,medium fast,at50,3.5,0.4,fairy,6,0
Skiddo,66,65,48,62,57,52,medium fast,1,200,medium fast,at50,31,0.9,grass,6,0
Emolga,55,75,60,75,60,103,medium fast,1,200,medium fast,at50,5,0.4,flying,5,0
Stunky,63,63,47,41,41,74,medium fast,1,225,medium fast,at50,19.2,0.4,dark,4,0
Crabrawler,47,82,57,42,47,63,medium fast,1,225,medium fast,at50,7,0.6,fighting,7,0
Stunky,63,63,47,41,41,74,medium fast,1,225,medium fast,at50,19.2,0.4,poison,4,0
Skrelp,50,60,60,60,60,30,medium fast,1,225,medium fast,at50,7.3,0.5,poison,6,0
Goldeen,45,67,60,35,50,63,medium fast,1,225,medium fast,at50,15,0.6,water,1,0
Horsea,30,40,70,70,25,60,medium fast,1,225,medium fast,at50,8,0.4,water,1,0
Krabby,30,105,90,25,25,50,medium fast,1,225,medium fast,at50,6.5,0.4,water,1,0
Skrelp,50,60,60,60,60,30,medium fast,1,225,medium fast,at50,7.3,0.5,water,6,0
Purrloin,41,50,37,50,37,66,medium fast,1,255,medium fast,at50,10.1,0.4,dark,5,0
Numel,60,60,40,65,45,35,medium fast,1,255,medium fast,at50,24,0.7,fire,3,0
Ferroseed,44,50,91,24,86,10,medium fast,1,255,medium fast,at50,18.8,0.6,grass,5,0
Maractus,75,86,67,106,67,60,medium fast,1,255,medium fast,at50,28,1,grass,5,0
Diglett,10,55,30,35,45,90,medium fast,1,255,medium fast,at50,0.8,0.2,ground,1,0
Sandshrew,50,75,90,10,35,40,medium fast,1,255,medium fast,at50,12,0.6,ground,1,0
Meowth,40,35,35,50,40,90,medium fast,1,255,medium fast,at50,4.2,0.4,normal,1,0
Watchog,60,85,69,60,69,77,medium fast,1,255,medium fast,at50,27,1.1,normal,5,0
Ekans,35,60,44,40,54,55,medium fast,1,255,medium fast,at50,6.9,2,poison,1,0
Elgyem,55,55,55,85,55,30,medium fast,1,255,medium fast,at50,9,0.5,psychic,5,0
Bonsly,50,80,95,10,45,10,medium fast,1,255,medium fast,at50,15,0.5,rock,4,0
Nosepass,30,45,135,45,90,30,medium fast,1,255,medium fast,at50,97,1,rock,3,0
Wooper,55,45,45,25,25,15,medium fast,1,255,medium fast,at50,8.5,0.4,water,2,0
Numel,60,60,40,65,45,35,medium fast,1,255,medium fast,at50,24,0.7,ground,3,0
Wooper,55,45,45,25,25,15,medium fast,1,255,medium fast,at50,8.5,0.4,ground,2,0
Ferroseed,44,50,91,24,86,10,medium fast,1,255,medium fast,at50,18.8,0.6,steel,5,0
Sandshrew,50,75,90,10,35,40,medium fast,1,255,medium fast,at50,40,0.7,steel,7,0
Sandshrew,50,75,90,10,35,40,medium fast,1,255,medium fast,at50,40,0.7,ice,7,0
Sandslash,75,100,120,25,65,65,medium fast,1,90,medium fast,at50,55,1.2,steel,7,0
Sandslash,75,100,120,25,65,65,medium fast,1,90,medium fast,at50,55,1.2,ice,7,0
Diglett,10,55,30,35,45,90,medium fast,1,255,medium fast,at50,1,0.2,steel,7,0
Diglett,10,55,30,35,45,90,medium fast,1,255,medium fast,at50,1,0.2,ground,7,0
Dugtrio,35,100,60,50,70,110,medium fast,1,50,medium fast,at50,66.6,0.7,steel,7,0
Dugtrio,35,100,60,50,70,110,medium fast,1,50,medium fast,at50,66.6,0.7,ground,7,0
Meowth,40,35,35,50,40,90,medium fast,1,255,medium fast,at50,4.2,0.4,normal,7,0
Meowth,40,35,35,50,40,90,medium fast,1,255,medium fast,at50,4.2,0.4,dark,7,0
Persian,65,60,60,75,65,115,medium fast,1,90,medium fast,at50,33,1.1,normal,7,0
Persian,65,60,60,75,65,115,medium fast,1,90,medium fast,at50,33,1.1,dark,7,0
Grimer,80,80,50,40,50,25,medium fast,1,190,medium fast,at50,42,0.7,poison,7,0
Grimer,80,80,50,40,50,25,medium fast,1,190,medium fast,at50,42,0.7,dark,7,0
Muk,105,105,75,65,100,50,medium fast,1,75,medium fast,at50,52,1,poison,7,0
Muk,105,105,75,65,100,50,medium fast,1,75,medium fast,at50,52,1,dark,7,0
Marowak,60,80,110,50,80,45,medium fast,1,75,medium fast,at50,34,1,ghost,7,0
Marowak,60,80,110,50,80,45,medium fast,1,75,medium fast,at50,34,1,fire,7,0
Gliscor,75,95,125,45,75,95,medium fast,1,30,medium slow,at50,42.5,2,ground,4,0
Gliscor,75,95,125,45,75,95,medium fast,1,30,medium slow,at50,42.5,2,flying,4,0
Scolipede,60,100,89,55,69,112,medium fast,1,45,medium slow,at50,200.5,2.5,bug,5,0
Krookodile,95,117,80,65,70,92,medium fast,1,45,medium slow,at50,96.3,1.5,dark,5,0
Flygon,80,100,80,80,80,100,medium fast,1,45,medium slow,at50,82,2,dragon,3,0
Ampharos,90,95,105,165,110,45,medium fast,1,45,medium slow,at50,61.5,1.4,electric,2,0
Luxray,80,120,79,95,79,70,medium fast,1,45,medium slow,at50,42,1.4,electric,4,0
Chandelure,60,55,90,145,90,80,medium fast,1,45,medium slow,at50,34.3,1,ghost,5,0
Gengar,60,65,80,170,95,130,medium fast,1,45,medium slow,at50,40.5,1.5,ghost,1,0
Jumpluff,75,55,70,55,95,110,medium fast,1,45,medium slow,at50,3,0.8,grass,2,0
Victreebel,80,105,65,100,70,70,medium fast,1,45,medium slow,at50,15.5,1.7,grass,1,0
Vileplume,75,80,85,110,90,50,medium fast,1,45,medium slow,at50,18.6,1.2,grass,1,0
Bellossom,75,80,95,90,100,50,medium fast,1,45,medium slow,at50,5.8,0.4,grass,2,0
Krookodile,95,117,80,65,70,92,medium fast,1,45,medium slow,at50,96.3,1.5,ground,5,0
Flygon,80,100,80,80,80,100,medium fast,1,45,medium slow,at50,82,2,ground,3,0
Walrein,110,80,90,95,90,65,medium fast,1,45,medium slow,at50,150.6,1.4,ice,3,0
Exploud,104,91,63,91,73,68,medium fast,1,45,medium slow,at50,84,1.5,normal,3,0
Poliwrath,90,95,95,70,90,70,medium fast,1,45,medium slow,at50,54,1.3,water,1,0
Seismitoad,105,95,75,85,75,74,medium fast,1,45,medium slow,at50,62,1.5,water,5,0
Politoed,90,75,75,90,100,70,medium fast,1,45,medium slow,at50,33.9,1.1,water,2,0
Poliwrath,90,95,95,70,90,70,medium fast,1,45,medium slow,at50,54,1.3,fighting,1,0
Chandelure,60,55,90,145,90,80,medium fast,1,45,medium slow,at50,34.3,1,fire,5,0
Jumpluff,75,55,70,55,95,110,medium fast,1,45,medium slow,at50,3,0.8,flying,2,0
Seismitoad,105,95,75,85,75,74,medium fast,1,45,medium slow,at50,62,1.5,ground,5,0
Gengar,60,65,80,170,95,130,medium fast,1,45,medium slow,at50,40.5,1.5,poison,1,0
Scolipede,60,100,89,55,69,112,medium fast,1,45,medium slow,at50,200.5,2.5,poison,5,0
Victreebel,80,105,65,100,70,70,medium fast,1,45,medium slow,at50,15.5,1.7,poison,1,0
Vileplume,75,80,85,110,90,50,medium fast,1,45,medium slow,at50,18.6,1.2,poison,1,0
Walrein,110,80,90,95,90,65,medium fast,1,45,medium slow,at50,150.6,1.4,water,3,0
Reuniclus,110,65,75,125,85,30,medium fast,1,50,medium slow,at50,20.1,1,psychic,5,0
Darmanitan,105,30,105,140,105,55,medium fast,1,60,medium slow,at50,92.9,1.3,fire,5,0
Gligar,65,75,105,35,65,85,medium fast,1,60,medium slow,at50,64.8,1.1,ground,2,0
Darmanitan,105,30,105,140,105,55,medium fast,1,60,medium slow,at50,92.9,1.3,fire,5,0
Gligar,65,75,105,35,65,85,medium fast,1,60,medium slow,at50,64.8,1.1,flying,2,0
Roserade,60,70,65,125,105,90,medium fast,1,75,medium slow,at50,14.5,0.9,grass,4,0
Roserade,60,70,65,125,105,90,medium fast,1,75,medium slow,at50,14.5,0.9,poison,4,0
Krokorok,60,82,45,45,45,74,medium fast,1,90,medium slow,at50,33.4,1,dark,5,0
Lampent,60,40,60,95,60,55,medium fast,1,90,medium slow,at50,13,0.6,ghost,5,0
Haunter,45,50,45,115,55,95,medium fast,1,90,medium slow,at50,0.1,1.6,ghost,1,0
Krokorok,60,82,45,45,45,74,medium fast,1,90,medium slow,at50,33.4,1,ground,5,0
Lampent,60,40,60,95,60,55,medium fast,1,90,medium slow,at50,13,0.6,fire,5,0
Haunter,45,50,45,115,55,95,medium fast,1,90,medium slow,at50,0.1,1.6,poison,1,0
Duosion,65,40,50,125,60,30,medium fast,1,100,medium slow,at50,8,0.6,psychic,5,0
Vibrava,50,70,50,50,50,70,medium fast,1,120,medium slow,at50,15.3,1.1,dragon,3,0
Flaaffy,70,55,55,80,60,45,medium fast,1,120,medium slow,at50,13.3,0.8,electric,2,0
Darumaka,70,90,45,15,45,50,medium fast,1,120,medium slow,at50,37.5,0.6,fire,5,0
Skiploom,55,45,50,45,65,80,medium fast,1,120,medium slow,at50,1,0.6,grass,2,0
Gloom,60,65,70,85,75,40,medium fast,1,120,medium slow,at50,8.6,0.8,grass,1,0
Weepinbell,65,90,50,85,45,55,medium fast,1,120,medium slow,at50,6.4,1,grass,1,0
Sunflora,75,75,55,105,85,30,medium fast,1,120,medium slow,at50,8.5,0.8,grass,2,0
Vibrava,50,70,50,50,50,70,medium fast,1,120,medium slow,at50,15.3,1.1,ground,3,0
Sealeo,90,60,70,75,70,45,medium fast,1,120,medium slow,at50,87.6,1.1,ice,3,0
Loudred,84,71,43,71,43,48,medium fast,1,120,medium slow,at50,40.5,1,normal,3,0
Palpitoad,75,65,55,65,55,69,medium fast,1,120,medium slow,at50,17,0.8,water,5,0
Poliwhirl,65,65,65,50,50,90,medium fast,1,120,medium slow,at50,20,1,water,1,0
Skiploom,55,45,50,45,65,80,medium fast,1,120,medium slow,at50,1,0.6,flying,2,0
Palpitoad,75,65,55,65,55,69,medium fast,1,120,medium slow,at50,17,0.8,ground,5,0
Gloom,60,65,70,85,75,40,medium fast,1,120,medium slow,at50,8.6,0.8,poison,1,0
Weepinbell,65,90,50,85,45,55,medium fast,1,120,medium slow,at50,6.4,1,poison,1,0
Sealeo,90,60,70,75,70,45,medium fast,1,120,medium slow,at50,87.6,1.1,water,3,0
Roselia,50,60,45,100,80,65,medium fast,1,150,medium slow,at50,2,0.3,grass,3,0
Roselia,50,60,45,100,80,65,medium fast,1,150,medium slow,at50,2,0.3,poison,3,0
Sandile,50,72,35,35,35,65,medium fast,1,180,medium slow,at50,15.2,0.7,dark,5,0
Sandile,50,72,35,35,35,65,medium fast,1,180,medium slow,at50,15.2,0.7,ground,5,0
Shuckle,20,10,230,10,230,5,medium fast,1,190,medium slow,at50,20.5,0.6,bug,2,0
Litwick,50,30,55,65,55,20,medium fast,1,190,medium slow,at50,3.1,0.3,ghost,5,0
Gastly,30,35,30,100,35,80,medium fast,1,190,medium slow,at50,0.1,1.3,ghost,1,0
Whismur,64,51,23,51,23,28,medium fast,1,190,medium slow,at50,16.3,0.6,normal,3,0
Litwick,50,30,55,65,55,20,medium fast,1,190,medium slow,at50,3.1,0.3,fire,5,0
Gastly,30,35,30,100,35,80,medium fast,1,190,medium slow,at50,0.1,1.3,poison,1,0
Shuckle,20,10,230,10,230,5,medium fast,1,190,medium slow,at50,20.5,0.6,rock,2,0
Kecleon,60,90,70,60,120,40,medium fast,1,200,medium slow,at50,22,1,normal,3,0
Solosis,45,30,40,105,50,20,medium fast,1,200,medium slow,at50,1,0.3,psychic,5,0
Mareep,55,40,40,65,45,35,medium fast,1,235,medium slow,at50,7.8,0.6,electric,2,0
Shinx,45,65,34,40,34,45,medium fast,1,235,medium slow,at50,9.5,0.5,electric,4,0
Sunkern,30,30,30,30,30,30,medium fast,1,235,medium slow,at50,1.8,0.3,grass,2,0
Hoppip,35,35,40,35,55,50,medium fast,1,255,medium slow,at50,0.5,0.4,grass,2,0
Bellsprout,50,75,35,70,30,40,medium fast,1,255,medium slow,at50,4,0.7,grass,1,0
Budew,40,30,35,50,70,55,medium fast,1,255,medium slow,at50,1.2,0.2,grass,4,0
Oddish,45,50,55,75,65,30,medium fast,1,255,medium slow,at50,5.4,0.5,grass,1,0
Trapinch,45,100,45,45,45,10,medium fast,1,255,medium slow,at50,15,0.7,ground,3,0
Spheal,70,40,50,55,50,25,medium fast,1,255,medium slow,at50,39.5,0.8,ice,3,0
Poliwag,40,50,40,40,40,90,medium fast,1,255,medium slow,at50,12.4,0.6,water,1,0
Tympole,50,50,40,50,40,64,medium fast,1,255,medium slow,at50,4.5,0.5,water,5,0
Hoppip,35,35,40,35,55,50,medium fast,1,255,medium slow,at50,0.5,0.4,flying,2,0
Bellsprout,50,75,35,70,30,40,medium fast,1,255,medium slow,at50,4,0.7,poison,1,0
Budew,40,30,35,50,70,55,medium fast,1,255,medium slow,at50,1.2,0.2,poison,4,0
Oddish,45,50,55,75,65,30,medium fast,1,255,medium slow,at50,5.4,0.5,poison,1,0
Spheal,70,40,50,55,50,25,medium fast,1,255,medium slow,at50,39.5,0.8,water,3,0
Eelektross,85,115,80,105,80,50,medium fast,1,30,slow,at50,80.5,2.1,electric,5,0
Rhyperior,115,140,130,55,55,40,medium fast,1,30,slow,at50,282.8,2.4,ground,4,0
Rhyperior,115,140,130,55,55,40,medium fast,1,30,slow,at50,282.8,2.4,rock,4,0
Drapion,70,90,110,60,75,95,medium fast,1,45,slow,at50,61.5,1.3,dark,4,0
Manectric,70,75,80,135,80,135,medium fast,1,45,slow,at50,40.2,1.5,electric,3,0
Passimian,100,120,90,40,60,80,medium fast,1,45,slow,at50,82.8,2,fighting,7,0
Exeggutor,95,105,85,125,75,45,medium fast,1,45,slow,at50,120,2,grass,1,0
Vanilluxe,71,95,85,110,95,79,medium fast,1,45,slow,at50,57.5,1.3,ice,5,0
Oranguru,90,60,80,90,110,60,medium fast,1,45,slow,at50,76,1.5,normal,7,0
Komala,65,115,65,75,95,65,medium fast,1,45,slow,at50,19.9,0.4,normal,7,0
Stantler,73,95,62,85,65,85,medium fast,1,45,slow,at50,71.2,1.4,normal,2,0
Drapion,70,90,110,60,75,95,medium fast,1,45,slow,at50,61.5,1.3,poison,4,0
Exeggutor,95,105,85,125,75,45,medium fast,1,45,slow,at50,120,2,psychic,1,0
Oranguru,90,60,80,90,110,60,medium fast,1,45,slow,at50,76,1.5,psychic,7,0
Mamoswine,110,130,80,70,60,80,medium fast,1,50,slow,at50,291,2.5,ice,4,0
Mamoswine,110,130,80,70,60,80,medium fast,1,50,slow,at50,291,2.5,ground,4,0
Eelektrik,65,85,70,75,70,40,medium fast,1,60,slow,at50,22,1.2,electric,5,0
Abomasnow,90,132,105,132,105,30,medium fast,1,60,slow,at50,135.5,2.2,grass,4,0
Rhydon,105,130,120,45,45,40,medium fast,1,60,slow,at50,120,1.9,ground,1,0
Cloyster,50,95,180,85,45,70,medium fast,1,60,slow,at50,132.5,1.5,water,1,0
Tentacruel,80,70,65,80,120,100,medium fast,1,60,slow,at50,55,1.6,water,1,0
Abomasnow,90,132,105,132,105,30,medium fast,1,60,slow,at50,135.5,2.2,ice,4,0
Cloyster,50,95,180,85,45,70,medium fast,1,60,slow,at50,132.5,1.5,ice,1,0
Tentacruel,80,70,65,80,120,100,medium fast,1,60,slow,at50,55,1.6,poison,1,0
Rhydon,105,130,120,45,45,40,medium fast,1,60,slow,at50,120,1.9,rock,1,0
Lanturn,125,58,58,76,76,67,medium fast,1,75,slow,at50,22.5,1.2,electric,2,0
Piloswine,100,100,80,60,60,50,medium fast,1,75,slow,at50,55.8,1.1,ice,2,0
Lanturn,125,58,58,76,76,67,medium fast,1,75,slow,at50,22.5,1.2,water,2,0
Piloswine,100,100,80,60,60,50,medium fast,1,75,slow,at50,55.8,1.1,ground,2,0
Exeggcute,60,40,80,60,45,40,medium fast,1,90,slow,at50,2.5,0.4,grass,1,0
Exeggcute,60,40,80,60,45,40,medium fast,1,90,slow,at50,2.5,0.4,psychic,1,0
Skorupi,40,50,90,30,55,65,medium fast,1,120,slow,at50,12,0.8,bug,4,0
Electrike,40,45,40,65,40,65,medium fast,1,120,slow,at50,15.2,0.6,electric,3,0
Snover,60,62,50,62,60,40,medium fast,1,120,slow,at50,50.5,1,grass,4,0
Rhyhorn,80,85,95,30,30,25,medium fast,1,120,slow,at50,115,1,ground,1,0
Vanillish,51,65,65,80,75,59,medium fast,1,120,slow,at50,41,1.1,ice,5,0
Skorupi,40,50,90,30,55,65,medium fast,1,120,slow,at50,12,0.8,poison,4,0
Snover,60,62,50,62,60,40,medium fast,1,120,slow,at50,50.5,1,ice,4,0
Rhyhorn,80,85,95,30,30,25,medium fast,1,120,slow,at50,115,1,rock,1,0
Chinchou,75,38,38,56,56,67,medium fast,1,190,slow,at50,12,0.5,electric,2,0
Tynamo,35,55,40,45,40,60,medium fast,1,190,slow,at50,0.3,0.2,electric,5,0
Chinchou,75,38,38,56,56,67,medium fast,1,190,slow,at50,12,0.5,water,2,0
Tentacool,40,40,35,50,100,70,medium fast,1,190,slow,at50,45.5,0.9,water,1,0
Shellder,30,65,100,45,25,40,medium fast,1,190,slow,at50,4,0.3,water,1,0
Tentacool,40,40,35,50,100,70,medium fast,1,190,slow,at50,45.5,0.9,poison,1,0
Swinub,50,50,40,30,30,50,medium fast,1,225,slow,at50,6.5,0.4,ice,2,0
Swinub,50,50,40,30,30,50,medium fast,1,225,slow,at50,6.5,0.4,ground,2,0
Vanillite,36,50,50,65,60,44,medium fast,1,255,slow,at50,5.7,0.4,ice,5,0
Exeggutor,95,105,85,125,75,45,medium fast,1,45,slow,at50,415.6,10.9,grass,7,0
Exeggutor,95,105,85,125,75,45,medium fast,1,45,slow,at50,415.6,10.9,dragon,7,0
Swalot,100,73,83,73,83,55,medium fast,1,75,slow,at50,80,1.7,poison,3,0
Seviper,73,100,60,100,60,65,medium fast,1,90,slow,at50,52.5,2.7,poison,3,0
Gulpin,70,43,53,43,53,40,medium fast,1,225,slow,at50,10.3,0.4,poison,3,0
Ambipom,75,100,66,60,66,115,medium fast,0,45,fast,at50,20.3,1.2,normal,4,0
Luxio,60,85,49,60,49,60,medium fast,0,120,medium slow,at50,30.5,0.9,electric,4,0
Lopunny,65,136,94,54,96,135,medium fast,0,60,medium fast,at50,33.3,1.2,normal,4,0
Banette,64,165,75,93,83,75,medium slow,0,45,fast,at50,12.5,1.1,ghost,3,0
Dusknoir,45,100,135,65,135,45,medium slow,0,45,fast,at50,106.6,2.2,ghost,4,0
Misdreavus,60,60,60,85,85,85,medium slow,0,45,fast,at50,1,0.7,ghost,2,0
Mismagius,60,60,60,105,105,105,medium slow,0,45,fast,at50,4.4,0.9,ghost,4,0
Dusclops,40,70,130,60,130,25,medium slow,0,90,fast,at50,30.6,1.6,ghost,3,0
Duskull,20,40,90,30,90,25,medium slow,0,190,fast,at50,15,0.8,ghost,3,0
Shuppet,44,75,35,63,33,45,medium slow,0,225,fast,at50,2.3,0.6,ghost,3,0
Absol,65,150,60,115,60,115,medium slow,0,30,medium slow,at50,47,1.2,dark,3,0
Sableye,50,85,125,85,115,20,medium slow,0,45,medium slow,at50,11,0.5,dark,3,0
Sableye,50,85,125,85,115,20,medium slow,0,45,medium slow,at50,11,0.5,ghost,3,0
Chimecho,75,50,80,95,90,65,medium slow,1,45,fast,at50,1,0.6,psychic,3,0
Chingling,45,30,50,65,50,45,medium slow,1,120,fast,at50,0.6,0.2,psychic,4,0
Scizor,70,150,140,65,100,75,medium slow,1,25,medium fast,at50,118,1.8,bug,2,0
Steelix,75,125,230,55,95,30,medium slow,1,25,medium fast,at50,400,9.2,steel,2,0
Steelix,75,125,230,55,95,30,medium slow,1,25,medium fast,at50,400,9.2,ground,2,0
Scizor,70,150,140,65,100,75,medium slow,1,25,medium fast,at50,118,1.8,steel,2,0
Scyther,70,110,80,55,80,105,medium slow,1,45,medium fast,at50,56,1.5,bug,1,0
Mr. Mime,40,45,65,100,120,90,medium slow,1,45,medium fast,at50,54.5,1.3,fairy,1,0
Castform,70,70,70,70,70,70,medium slow,1,45,medium fast,at50,0.8,0.3,normal,3,0
Mr. Mime,40,45,65,100,120,90,medium slow,1,45,medium fast,at50,54.5,1.3,psychic,1,0
Onix,35,45,160,30,45,70,medium slow,1,45,medium fast,at50,210,8.8,rock,1,0
Scyther,70,110,80,55,80,105,medium slow,1,45,medium fast,at50,56,1.5,flying,1,0
Onix,35,45,160,30,45,70,medium slow,1,45,medium fast,at50,210,8.8,ground,1,0
Pangoro,95,124,78,69,71,58,medium slow,1,65,medium fast,at50,136,2.1,dark,6,0
Pangoro,95,124,78,69,71,58,medium slow,1,65,medium fast,at50,136,2.1,fighting,6,0
Cofagrigus,58,50,145,95,105,30,medium slow,1,90,medium fast,at50,76.5,1.7,ghost,5,0
Mime Jr.,20,25,45,70,90,60,medium slow,1,145,medium fast,at50,13,0.6,fairy,4,0
Mime Jr.,20,25,45,70,90,60,medium slow,1,145,medium fast,at50,13,0.6,psychic,4,0
Yamask,38,30,85,55,65,30,medium slow,1,190,medium fast,at50,1.5,0.5,ghost,5,0
Pancham,67,82,62,46,48,43,medium slow,1,220,medium fast,at50,8,0.6,fighting,6,0
Mienshao,65,125,60,95,60,105,medium slow,1,45,medium slow,at50,35.5,1.4,fighting,5,0
Mienfoo,45,85,50,55,50,65,medium slow,1,180,medium slow,at50,20,0.9,fighting,5,0
Skarmory,65,80,140,40,70,70,medium slow,1,25,slow,at50,50.5,1.7,steel,2,0
Mantine,85,40,70,80,140,70,medium slow,1,25,slow,at50,220,2.1,water,2,0
Mantyke,45,20,50,60,120,50,medium slow,1,25,slow,at50,65,1,water,4,0
Mantine,85,40,70,80,140,70,medium slow,1,25,slow,at50,220,2.1,flying,2,0
Mantyke,45,20,50,60,120,50,medium slow,1,25,slow,at50,65,1,flying,4,0
Skarmory,65,80,140,40,70,70,medium slow,1,25,slow,at50,50.5,1.7,flying,2,0
Heracross,80,185,115,40,105,75,medium slow,1,45,slow,at50,54,1.5,bug,2,0
Pinsir,65,155,120,65,90,105,medium slow,1,45,slow,at50,55,1.5,bug,1,0
Heracross,80,185,115,40,105,75,medium slow,1,45,slow,at50,54,1.5,fighting,2,0
Tropius,99,68,83,72,87,51,medium slow,1,200,slow,at50,100,2,grass,3,0
Carnivine,74,100,72,90,72,46,medium slow,1,200,slow,at50,27,1.4,grass,4,0
Tropius,99,68,83,72,87,51,medium slow,1,200,slow,at50,100,2,flying,3,0
Druddigon,77,120,90,60,90,48,medium slow,1,45,medium fast,at50,139,1.6,dragon,5,0
Spiritomb,50,92,108,92,108,35,medium slow,1,100,medium fast,at50,108,1,dark,4,0
Spiritomb,50,92,108,92,108,35,medium slow,1,100,medium fast,at50,108,1,ghost,4,0
Hippowdon,108,112,118,68,72,47,medium slow,1,60,slow,at50,300,2,ground,4,0
Hippopotas,68,72,78,38,42,32,medium slow,1,140,slow,at50,49.5,0.8,ground,4,0
Drifblim,150,80,44,90,54,80,medium slow,1,60,slow,at50,15,1.2,ghost,4,0
Drifblim,150,80,44,90,54,80,medium slow,1,60,slow,at50,15,1.2,flying,4,0
Drifloon,90,50,34,60,44,70,medium slow,1,125,slow,at50,1.2,0.4,ghost,4,0
Drifloon,90,50,34,60,44,70,medium slow,1,125,slow,at50,1.2,0.4,flying,4,0
Aggron,70,140,230,60,80,50,medium slow,0,45,slow,at50,360,2.1,steel,3,0
Aggron,70,140,230,60,80,50,medium slow,0,45,slow,at50,360,2.1,rock,3,0
Lairon,60,90,140,50,50,40,medium slow,0,90,slow,at50,120,0.9,steel,3,0
Lairon,60,90,140,50,50,40,medium slow,0,90,slow,at50,120,0.9,rock,3,0
Aron,50,70,100,40,40,30,medium slow,0,180,slow,at50,60,0.4,steel,3,0
Aron,50,70,100,40,40,30,medium slow,0,180,slow,at50,60,0.4,rock,3,0
Tyranitar,100,164,150,95,120,71,slow,0,45,slow,at50,202,2,dark,2,0
Deino,52,65,50,45,50,38,slow,0,45,slow,at50,17.3,0.8,dark,5,0
Hydreigon,92,105,90,125,90,98,slow,0,45,slow,at50,160,1.8,dark,5,0
Zweilous,72,85,70,65,70,58,slow,0,45,slow,at50,50,1.4,dark,5,0
Deino,52,65,50,45,50,38,slow,0,45,slow,at50,17.3,0.8,dragon,5,0
Hydreigon,92,105,90,125,90,98,slow,0,45,slow,at50,160,1.8,dragon,5,0
Zweilous,72,85,70,65,70,58,slow,0,45,slow,at50,50,1.4,dragon,5,0
Dragonite,91,134,95,100,100,80,slow,0,45,slow,at50,210,2.2,dragon,1,0
Salamence,95,145,130,120,90,120,slow,0,45,slow,at50,102.6,1.5,dragon,3,0
Bagon,45,75,60,40,30,50,slow,0,45,slow,at50,42.1,0.6,dragon,3,0
Dragonair,61,84,65,70,70,70,slow,0,45,slow,at50,16.5,4,dragon,1,0
Dratini,41,64,45,50,50,50,slow,0,45,slow,at50,3.3,1.8,dragon,1,0
Goodra,90,100,70,110,150,80,slow,0,45,slow,at50,150.5,2,dragon,6,0
Goomy,45,50,35,55,75,40,slow,0,45,slow,at50,2.8,0.3,dragon,6,0
Haxorus,76,147,90,60,70,97,slow,0,45,slow,at50,105.5,1.8,dragon,5,0
Shelgon,65,95,100,60,50,50,slow,0,45,slow,at50,110.5,1.1,dragon,3,0
Sliggoo,68,75,53,83,113,60,slow,0,45,slow,at50,17.5,0.8,dragon,6,0
Tyranitar,100,164,150,95,120,71,slow,0,45,slow,at50,202,2,rock,2,0
Larvitar,50,64,50,45,50,41,slow,0,45,slow,at50,72,0.6,rock,2,0
Pupitar,70,84,70,65,70,51,slow,0,45,slow,at50,152,1.2,rock,2,0
Dragonite,91,134,95,100,100,80,slow,0,45,slow,at50,210,2.2,flying,1,0
Salamence,95,145,130,120,90,120,slow,0,45,slow,at50,102.6,1.5,flying,3,0
Larvitar,50,64,50,45,50,41,slow,0,45,slow,at50,72,0.6,ground,2,0
Pupitar,70,84,70,65,70,51,slow,0,45,slow,at50,152,1.2,ground,2,0
Fraxure,66,117,70,40,50,67,slow,0,60,slow,at50,36,1,dragon,5,0
Axew,46,87,60,30,40,57,slow,0,75,slow,at50,18,0.6,dragon,5,0
Alomomola,165,75,80,40,45,65,slow,1,75,fast,at50,31.6,1.2,water,5,0
Basculin,70,92,65,80,55,98,slow,1,25,medium fast,at50,18,1,water,5,0
Volcarona,85,60,65,135,105,100,slow,1,15,slow,at50,46,1.6,bug,5,0
Volcarona,85,60,65,135,105,100,slow,1,15,slow,at50,46,1.6,fire,5,0
Larvesta,55,85,55,50,55,60,slow,1,45,slow,at50,28.8,1.1,bug,5,0
Hakamo-o,55,75,90,65,70,65,slow,1,45,slow,at50,47,1.2,dragon,7,0
Kommo-o,75,110,125,100,105,85,slow,1,45,slow,at50,78.2,1.6,dragon,7,0
Gabite,68,90,65,50,55,82,slow,1,45,slow,at50,56,1.4,dragon,4,0
Garchomp,108,170,115,120,95,92,slow,1,45,slow,at50,95,1.9,dragon,4,0
Gible,58,70,45,40,45,42,slow,1,45,slow,at50,20.5,0.7,dragon,4,0
Jangmo-o,45,55,65,45,45,45,slow,1,45,slow,at50,29.7,0.6,dragon,7,0
Lapras,130,85,80,85,95,60,slow,1,45,slow,at50,220,2.5,water,1,0
Hakamo-o,55,75,90,65,70,65,slow,1,45,slow,at50,47,1.2,fighting,7,0
Kommo-o,75,110,125,100,105,85,slow,1,45,slow,at50,78.2,1.6,fighting,7,0
Larvesta,55,85,55,50,55,60,slow,1,45,slow,at50,28.8,1.1,fire,5,0
Gabite,68,90,65,50,55,82,slow,1,45,slow,at50,56,1.4,ground,4,0
Garchomp,108,170,115,120,95,92,slow,1,45,slow,at50,95,1.9,ground,4,0
Gible,58,70,45,40,45,42,slow,1,45,slow,at50,20.5,0.7,ground,4,0
Lapras,130,85,80,85,95,60,slow,1,45,slow,at50,220,2.5,ice,1,0
Wailord,170,90,45,90,45,60,slow,1,60,slow,at50,398,14.5,water,3,0
Wailmer,130,70,35,70,35,60,slow,1,125,slow,at50,130,2,water,3,0
Conkeldurr,105,140,95,55,65,45,medium fast,1,45,medium slow,above50,87,1.4,fighting,5,0
Machamp,90,130,80,65,85,55,medium fast,1,45,medium slow,above50,130,1.6,fighting,1,0
Alakazam,55,50,65,175,105,150,medium fast,1,50,medium slow,above50,48,1.5,psychic,1,0
Gurdurr,85,105,85,40,50,40,medium fast,1,90,medium slow,above50,40,1.2,fighting,5,0
Machoke,80,100,70,50,60,45,medium fast,1,90,medium slow,above50,70.5,1.5,fighting,1,0
Kadabra,40,35,30,120,70,105,medium fast,1,100,medium slow,above50,56.5,1.3,psychic,1,0
Machop,70,80,50,35,35,35,medium fast,1,180,medium slow,above50,19.5,0.8,fighting,1,0
Timburr,75,80,55,25,35,35,medium fast,1,180,medium slow,above50,12.5,0.6,fighting,5,0
Abra,25,20,15,105,55,90,medium fast,1,200,medium slow,above50,19.5,0.9,psychic,1,0
Arcanine,90,110,80,100,80,95,medium fast,1,75,slow,above50,155,1.9,fire,1,0
Growlithe,55,70,45,70,50,60,medium fast,1,190,slow,above50,19,0.7,fire,1,0
Makuhita,72,60,30,20,30,25,medium fast,1,180,slow,above50,86.4,1,fighting,3,0
Hariyama,144,120,60,40,60,50,medium fast,1,200,slow,above50,253.8,2.3,fighting,3,0
Electivire,75,123,67,95,85,95,medium slow,1,30,medium fast,above50,138.6,1.8,electric,4,0
Magmortar,75,95,67,125,95,83,medium slow,1,30,medium fast,above50,68,1.6,fire,4,0
Electabuzz,65,83,57,95,85,105,medium slow,1,45,medium fast,above50,30,1.1,electric,1,0
Elekid,45,63,37,65,55,95,medium slow,1,45,medium fast,above50,23.5,0.6,electric,2,0
Magby,45,75,37,70,55,83,medium slow,1,45,medium fast,above50,21.4,0.7,fire,2,0
Magmar,65,95,57,100,85,93,medium slow,1,45,medium fast,above50,44.5,1.3,fire,1,0
Togekiss,85,50,95,120,115,80,fast,1,30,fast,above50,38,1.5,fairy,4,0
Togekiss,85,50,95,120,115,80,fast,1,30,fast,above50,38,1.5,flying,4,0
Togetic,55,40,85,80,105,40,fast,1,75,fast,above50,3.2,0.6,fairy,2,0
Togetic,55,40,85,80,105,40,fast,1,75,fast,above50,3.2,0.6,flying,2,0
Togepi,35,20,65,40,65,20,fast,1,190,fast,above50,1.5,0.3,fairy,2,0
Incineroar,95,115,90,80,90,60,fast,1,45,medium slow,above50,83,1.8,dark,7,0
Primarina,80,74,74,126,116,60,fast,1,45,medium slow,above50,44,1.8,fairy,7,0
Incineroar,95,115,90,80,90,60,fast,1,45,medium slow,above50,83,1.8,fire,7,0
Litten,45,65,40,60,40,70,fast,1,45,medium slow,above50,4.3,0.4,fire,7,0
Torracat,65,85,50,80,50,90,fast,1,45,medium slow,above50,25,0.7,fire,7,0
Dartrix,78,75,75,70,70,52,fast,1,45,medium slow,above50,16,0.7,grass,7,0
Rowlet,68,55,55,50,50,42,fast,1,45,medium slow,above50,1.5,0.3,grass,7,0
Decidueye,78,107,75,100,100,70,fast,1,45,medium slow,above50,36.6,1.6,grass,7,0
Primarina,80,74,74,126,116,60,fast,1,45,medium slow,above50,44,1.8,water,7,0
Brionne,60,69,69,91,81,50,fast,1,45,medium slow,above50,17.5,0.6,water,7,0
Popplio,50,54,54,66,56,40,fast,1,45,medium slow,above50,7.5,0.4,water,7,0
Dartrix,78,75,75,70,70,52,fast,1,45,medium slow,above50,16,0.7,flying,7,0
Rowlet,68,55,55,50,50,42,fast,1,45,medium slow,above50,1.5,0.3,flying,7,0
Decidueye,78,107,75,100,100,70,fast,1,45,medium slow,above50,36.6,1.6,ghost,7,0
Combee,30,30,42,30,42,70,fast,1,120,medium slow,above50,5.5,0.3,bug,4,0
Combee,30,30,42,30,42,70,fast,1,120,medium slow,above50,5.5,0.3,flying,4,0
Simisear,75,98,63,98,63,101,medium fast,1,75,medium fast,above50,28,1,fire,5,0
Simisage,75,98,63,98,63,101,medium fast,1,75,medium fast,above50,30.5,1.1,grass,5,0
Simipour,75,98,63,98,63,101,medium fast,1,75,medium fast,above50,29,1,water,5,0
Salandit,48,44,40,71,40,77,medium fast,1,120,medium fast,above50,4.8,0.6,poison,7,0
Salandit,48,44,40,71,40,77,medium fast,1,120,medium fast,above50,4.8,0.6,fire,7,0
Pansear,50,53,48,53,48,64,medium fast,1,190,medium fast,above50,11,0.6,fire,5,0
Pansage,50,53,48,53,48,64,medium fast,1,190,medium fast,above50,10.5,0.6,grass,5,0
Panpour,50,53,48,53,48,64,medium fast,1,190,medium fast,above50,13.5,0.6,water,5,0
Greninja,72,145,67,153,71,132,medium fast,1,45,medium slow,above50,40,1.5,dark,6,0
Zoroark,60,105,60,120,60,105,medium fast,1,45,medium slow,above50,81.1,1.6,dark,5,0
Blaziken,80,160,80,130,80,100,medium fast,1,45,medium slow,above50,52,1.9,fire,3,0
Combusken,60,85,60,85,60,55,medium fast,1,45,medium slow,above50,19.5,0.9,fire,3,0
Emboar,110,123,65,100,65,65,medium fast,1,45,medium slow,above50,150,1.6,fire,5,0
Infernape,76,104,71,104,71,108,medium fast,1,45,medium slow,above50,55,1.2,fire,4,0
Monferno,64,78,52,78,52,81,medium fast,1,45,medium slow,above50,22,0.9,fire,4,0
Pignite,90,93,55,70,55,55,medium fast,1,45,medium slow,above50,55.5,1,fire,5,0
Charizard,78,104,78,159,115,100,medium fast,1,45,medium slow,above50,90.5,1.7,fire,1,0
Delphox,75,69,72,114,100,104,medium fast,1,45,medium slow,above50,39,1.5,fire,6,0
Braixen,59,59,58,90,70,73,medium fast,1,45,medium slow,above50,14.5,1,fire,6,0
Charmander,39,52,43,60,50,65,medium fast,1,45,medium slow,above50,8.5,0.6,fire,1,0
Charmeleon,58,64,58,80,65,80,medium fast,1,45,medium slow,above50,19,1.1,fire,1,0
Chimchar,44,58,44,58,44,61,medium fast,1,45,medium slow,above50,6.2,0.5,fire,4,0
Cyndaquil,39,52,43,60,50,65,medium fast,1,45,medium slow,above50,7.9,0.5,fire,2,0
Fennekin,40,45,40,62,60,60,medium fast,1,45,medium slow,above50,9.4,0.4,fire,6,0
Quilava,58,64,58,80,65,80,medium fast,1,45,medium slow,above50,19,0.9,fire,2,0
Tepig,65,63,45,45,45,45,medium fast,1,45,medium slow,above50,9.9,0.5,fire,5,0
Torchic,45,60,40,70,50,45,medium fast,1,45,medium slow,above50,2.5,0.4,fire,3,0
Typhlosion,78,84,78,109,85,100,medium fast,1,45,medium slow,above50,79.5,1.7,fire,2,0
Chesnaught,88,107,122,74,75,64,medium fast,1,45,medium slow,above50,90,1.6,grass,6,0
Torterra,95,109,105,75,85,56,medium fast,1,45,medium slow,above50,310,2.2,grass,4,0
Bulbasaur,45,49,49,65,65,45,medium fast,1,45,medium slow,above50,6.9,0.7,grass,1,0
Ivysaur,60,62,63,80,80,60,medium fast,1,45,medium slow,above50,13,1,grass,1,0
Venusaur,80,100,123,122,120,80,medium fast,1,45,medium slow,above50,100,2,grass,1,0
Bayleef,60,62,80,63,80,60,medium fast,1,45,medium slow,above50,15.8,1.2,grass,2,0
Chespin,56,61,65,48,45,38,medium fast,1,45,medium slow,above50,9,0.4,grass,6,0
Chikorita,45,49,65,49,65,45,medium fast,1,45,medium slow,above50,6.4,0.9,grass,2,0
Grotle,75,89,85,55,65,36,medium fast,1,45,medium slow,above50,97,1.1,grass,4,0
Grovyle,50,65,45,85,65,95,medium fast,1,45,medium slow,above50,21.6,0.9,grass,3,0
Meganium,80,82,100,83,100,80,medium fast,1,45,medium slow,above50,100.5,1.8,grass,2,0
Quilladin,61,78,95,56,58,57,medium fast,1,45,medium slow,above50,29,0.7,grass,6,0
Sceptile,70,110,75,145,85,145,medium fast,1,45,medium slow,above50,52.2,1.7,grass,3,0
Serperior,75,75,95,75,95,113,medium fast,1,45,medium slow,above50,63,3.3,grass,5,0
Servine,60,60,75,60,75,83,medium fast,1,45,medium slow,above50,16,0.8,grass,5,0
Snivy,45,45,55,45,55,63,medium fast,1,45,medium slow,above50,8.1,0.6,grass,5,0
Treecko,40,45,35,65,55,70,medium fast,1,45,medium slow,above50,5,0.5,grass,3,0
Turtwig,55,68,64,45,55,31,medium fast,1,45,medium slow,above50,10.2,0.4,grass,4,0
Greninja,72,145,67,153,71,132,medium fast,1,45,medium slow,above50,40,1.5,water,6,0
Marshtomp,70,85,70,60,70,50,medium fast,1,45,medium slow,above50,28,0.7,water,3,0
Swampert,100,150,110,95,110,70,medium fast,1,45,medium slow,above50,81.9,1.5,water,3,0
Empoleon,84,86,88,111,101,60,medium fast,1,45,medium slow,above50,84.5,1.7,water,4,0
Blastoise,79,103,120,135,115,78,medium fast,1,45,medium slow,above50,85.5,1.6,water,1,0
Croconaw,65,80,80,59,63,58,medium fast,1,45,medium slow,above50,25,1.1,water,2,0
Dewott,75,75,60,83,60,60,medium fast,1,45,medium slow,above50,24.5,0.8,water,5,0
Feraligatr,85,105,100,79,83,78,medium fast,1,45,medium slow,above50,88.8,2.3,water,2,0
Froakie,41,56,40,62,44,71,medium fast,1,45,medium slow,above50,7,0.3,water,6,0
Frogadier,54,63,52,83,56,97,medium fast,1,45,medium slow,above50,10.9,0.6,water,6,0
Mudkip,50,70,50,50,50,40,medium fast,1,45,medium slow,above50,7.6,0.4,water,3,0
Oshawott,55,55,45,63,45,45,medium fast,1,45,medium slow,above50,5.9,0.5,water,5,0
Piplup,53,51,53,61,56,40,medium fast,1,45,medium slow,above50,5.2,0.4,water,4,0
Prinplup,64,66,68,81,76,50,medium fast,1,45,medium slow,above50,23,0.8,water,4,0
Samurott,95,100,85,108,70,70,medium fast,1,45,medium slow,above50,94.6,1.5,water,5,0
Squirtle,44,48,65,50,64,43,medium fast,1,45,medium slow,above50,9,0.5,water,1,0
Totodile,50,65,64,44,48,43,medium fast,1,45,medium slow,above50,9.5,0.6,water,2,0
Wartortle,59,63,80,65,80,58,medium fast,1,45,medium slow,above50,22.5,1,water,1,0
Blaziken,80,160,80,130,80,100,medium fast,1,45,medium slow,above50,52,1.9,fighting,3,0
Chesnaught,88,107,122,74,75,64,medium fast,1,45,medium slow,above50,90,1.6,fighting,6,0
Combusken,60,85,60,85,60,55,medium fast,1,45,medium slow,above50,19.5,0.9,fighting,3,0
Emboar,110,123,65,100,65,65,medium fast,1,45,medium slow,above50,150,1.6,fighting,5,0
Infernape,76,104,71,104,71,108,medium fast,1,45,medium slow,above50,55,1.2,fighting,4,0
Monferno,64,78,52,78,52,81,medium fast,1,45,medium slow,above50,22,0.9,fighting,4,0
Pignite,90,93,55,70,55,55,medium fast,1,45,medium slow,above50,55.5,1,fighting,5,0
Charizard,78,104,78,159,115,100,medium fast,1,45,medium slow,above50,90.5,1.7,flying,1,0
Marshtomp,70,85,70,60,70,50,medium fast,1,45,medium slow,above50,28,0.7,ground,3,0
Swampert,100,150,110,95,110,70,medium fast,1,45,medium slow,above50,81.9,1.5,ground,3,0
Torterra,95,109,105,75,85,56,medium fast,1,45,medium slow,above50,310,2.2,ground,4,0
Bulbasaur,45,49,49,65,65,45,medium fast,1,45,medium slow,above50,6.9,0.7,poison,1,0
Ivysaur,60,62,63,80,80,60,medium fast,1,45,medium slow,above50,13,1,poison,1,0
Venusaur,80,100,123,122,120,80,medium fast,1,45,medium slow,above50,100,2,poison,1,0
Delphox,75,69,72,114,100,104,medium fast,1,45,medium slow,above50,39,1.5,psychic,6,0
Empoleon,84,86,88,111,101,60,medium fast,1,45,medium slow,above50,84.5,1.7,steel,4,0
Lucario,70,145,88,140,70,112,medium slow,1,45,medium slow,above50,54,1.2,fighting,4,0
Lucario,70,145,88,140,70,112,medium slow,1,45,medium slow,above50,54,1.2,steel,4,0
Zorua,40,65,40,80,40,65,medium slow,1,75,medium slow,above50,12.5,0.7,dark,5,0
Riolu,40,70,40,35,40,60,medium slow,1,75,medium slow,above50,20.2,0.7,fighting,4,0
Anorith,45,95,50,40,50,75,medium slow,1,45,fast,above50,12.5,0.7,bug,3,0
Armaldo,75,125,100,70,80,45,medium slow,1,45,fast,above50,68.2,1.5,bug,3,0
Anorith,45,95,50,40,50,75,medium slow,1,45,fast,above50,12.5,0.7,rock,3,0
Armaldo,75,125,100,70,80,45,medium slow,1,45,fast,above50,68.2,1.5,rock,3,0
Cradily,86,81,97,81,107,43,medium slow,1,45,fast,above50,60.4,1.5,rock,3,0
Lileep,66,41,77,61,87,23,medium slow,1,45,fast,above50,23.8,1,rock,3,0
Bastiodon,60,52,168,47,138,30,medium slow,1,45,fast,above50,149.5,1.3,rock,4,0
Shieldon,30,42,118,42,88,30,medium slow,1,45,fast,above50,57,0.5,rock,4,0
Cranidos,67,125,40,30,30,58,medium slow,1,45,fast,above50,31.5,0.9,rock,4,0
Rampardos,97,165,60,65,50,58,medium slow,1,45,fast,above50,102.5,1.6,rock,4,0
Cradily,86,81,97,81,107,43,medium slow,1,45,fast,above50,60.4,1.5,grass,3,0
Lileep,66,41,77,61,87,23,medium slow,1,45,fast,above50,23.8,1,grass,3,0
Bastiodon,60,52,168,47,138,30,medium slow,1,45,fast,above50,149.5,1.3,steel,4,0
Shieldon,30,42,118,42,88,30,medium slow,1,45,fast,above50,57,0.5,steel,4,0
Tyrantrum,82,121,119,69,59,71,medium slow,1,45,medium fast,above50,270,2.5,dragon,6,0
Tyrunt,58,89,77,45,45,48,medium slow,1,45,medium fast,above50,26,0.8,dragon,6,0
Tyrantrum,82,121,119,69,59,71,medium slow,1,45,medium fast,above50,270,2.5,rock,6,0
Tyrunt,58,89,77,45,45,48,medium slow,1,45,medium fast,above50,26,0.8,rock,6,0
Archen,55,112,45,74,45,70,medium slow,1,45,medium fast,above50,9.5,0.5,rock,5,0
Archeops,75,140,65,112,65,110,medium slow,1,45,medium fast,above50,32,1.4,rock,5,0
Amaura,77,59,50,67,63,46,medium slow,1,45,medium fast,above50,25.2,1.3,rock,6,0
Aurorus,123,77,72,99,92,58,medium slow,1,45,medium fast,above50,225,2.7,rock,6,0
Kabuto,30,80,90,55,45,55,medium slow,1,45,medium fast,above50,11.5,0.5,rock,1,0
Kabutops,60,115,105,65,70,80,medium slow,1,45,medium fast,above50,40.5,1.3,rock,1,0
Omanyte,35,40,100,90,55,35,medium slow,1,45,medium fast,above50,7.5,0.4,rock,1,0
Omastar,70,60,125,115,70,55,medium slow,1,45,medium fast,above50,35,1,rock,1,0
Carracosta,74,108,133,83,65,32,medium slow,1,45,medium fast,above50,81,1.2,water,5,0
Tirtouga,54,78,103,53,45,22,medium slow,1,45,medium fast,above50,16.5,0.7,water,5,0
Archen,55,112,45,74,45,70,medium slow,1,45,medium fast,above50,9.5,0.5,flying,5,0
Archeops,75,140,65,112,65,110,medium slow,1,45,medium fast,above50,32,1.4,flying,5,0
Amaura,77,59,50,67,63,46,medium slow,1,45,medium fast,above50,25.2,1.3,ice,6,0
Aurorus,123,77,72,99,92,58,medium slow,1,45,medium fast,above50,225,2.7,ice,6,0
Carracosta,74,108,133,83,65,32,medium slow,1,45,medium fast,above50,81,1.2,rock,5,0
Tirtouga,54,78,103,53,45,22,medium slow,1,45,medium fast,above50,16.5,0.7,rock,5,0
Kabuto,30,80,90,55,45,55,medium slow,1,45,medium fast,above50,11.5,0.5,water,1,0
Kabutops,60,115,105,65,70,80,medium slow,1,45,medium fast,above50,40.5,1.3,water,1,0
Omanyte,35,40,100,90,55,35,medium slow,1,45,medium fast,above50,7.5,0.4,water,1,0
Omastar,70,60,125,115,70,55,medium slow,1,45,medium fast,above50,35,1,water,1,0
Umbreon,95,65,110,60,130,65,medium slow,0,45,medium fast,above50,27,1,dark,2,0
Leafeon,65,110,130,60,65,95,medium slow,0,45,medium fast,above50,25.5,1,grass,4,0
Glaceon,65,60,110,130,95,65,medium slow,0,45,medium fast,above50,25.9,0.8,ice,4,0
Jolteon,65,65,60,110,95,130,medium slow,1,45,medium fast,above50,24.5,0.8,electric,1,0
Sylveon,95,65,65,110,130,60,medium slow,1,45,medium fast,above50,23.5,1,fairy,6,0
Flareon,65,130,60,95,110,65,medium slow,1,45,medium fast,above50,25,0.9,fire,1,0
Eevee,55,55,50,45,65,55,medium slow,1,45,medium fast,above50,6.5,0.3,normal,1,0
Espeon,65,65,60,130,95,110,medium slow,1,45,medium fast,above50,26.5,0.9,psychic,2,0
Vaporeon,130,65,60,110,95,65,medium slow,1,45,medium fast,above50,29,1,water,1,0
Aerodactyl,80,135,85,70,95,150,medium slow,1,45,slow,above50,59,1.8,rock,1,0
Aerodactyl,80,135,85,70,95,150,medium slow,1,45,slow,above50,59,1.8,flying,1,0
Snorlax,160,110,65,65,110,30,slow,1,25,slow,above50,460,2.1,normal,1,0
Relicanth,100,90,130,45,65,55,slow,1,25,slow,above50,23.4,1,water,3,0
Relicanth,100,90,130,45,65,55,slow,1,25,slow,above50,23.4,1,rock,3,0
Munchlax,135,85,40,40,85,5,slow,1,50,slow,above50,105,0.6,normal,4,0
Volbeat,65,73,75,47,85,85,fast,1,150,fast,above50,17.7,0.7,bug,3,0
Mothim,70,94,50,94,50,66,fast,1,45,medium fast,above50,23.3,0.9,bug,4,0
Mothim,70,94,50,94,50,66,fast,1,45,medium fast,above50,23.3,0.9,flying,4,0
Gallade,68,165,95,65,115,110,medium fast,0,45,slow,above50,52,1.6,psychic,4,0
Gallade,68,165,95,65,115,110,medium fast,0,45,slow,above50,52,1.6,fighting,4,0
Sawk,75,125,75,30,75,85,medium fast,1,45,medium fast,above50,51,1.4,fighting,5,0
Throh,120,100,85,30,85,45,medium fast,1,45,medium fast,above50,55.5,1.3,fighting,5,0
Nidoking,81,102,77,85,75,85,medium fast,1,45,medium slow,above50,62,1.4,poison,1,0
Nidoking,81,102,77,85,75,85,medium fast,1,45,medium slow,above50,62,1.4,ground,1,0
Nidorino,61,72,57,55,55,65,medium fast,1,120,medium slow,above50,19.5,0.9,poison,1,0
Nidoran♂,46,57,40,40,40,50,medium fast,1,235,medium slow,above50,9,0.5,poison,1,0
Tauros,75,100,95,40,70,110,medium fast,1,45,slow,above50,88.4,1.4,normal,1,0
Braviary,100,123,75,57,75,80,medium fast,1,60,slow,above50,41,1.5,normal,5,0
Braviary,100,123,75,57,75,80,medium fast,1,60,slow,above50,41,1.5,flying,5,0
Rufflet,70,83,50,37,50,60,medium fast,1,190,slow,above50,10.5,0.5,normal,5,0
Rufflet,70,83,50,37,50,60,medium fast,1,190,slow,above50,10.5,0.5,flying,5,0
Hitmonchan,50,105,79,35,110,76,medium slow,1,45,medium fast,above50,50.2,1.4,fighting,1,0
Hitmonlee,50,120,53,35,110,87,medium slow,1,45,medium fast,above50,49.8,1.5,fighting,1,0
Hitmontop,50,95,95,35,110,70,medium slow,1,45,medium fast,above50,48,1.4,fighting,2,0
Tyrogue,35,35,35,35,35,35,medium slow,1,75,medium fast,above50,21,0.7,fighting,2,0
Latios,80,130,100,160,120,110,slow,0,3,slow,above50,60,2,dragon,3,1
Thundurus,79,105,70,145,80,101,slow,0,3,slow,above50,61,1.5,electric,5,1
Tornadus,79,100,80,110,90,121,slow,0,3,slow,above50,63,1.5,flying,5,1
Landorus,89,145,90,105,80,91,slow,0,3,slow,above50,68,1.5,ground,5,1
Landorus,89,145,90,105,80,91,slow,0,3,slow,above50,68,1.5,flying,5,1
Thundurus,79,105,70,145,80,101,slow,0,3,slow,above50,61,1.5,flying,5,1
Latios,80,130,100,160,120,110,slow,0,3,slow,above50,60,2,psychic,3,1
